-- phpMyAdmin SQL Dump
-- version 4.8.3
-- https://www.phpmyadmin.net/
--
-- Servidor: 127.0.0.1
<<<<<<< HEAD
-- Tiempo de generaci贸n: 30-10-2018 a las 21:41:08
=======
-- Tiempo de generaci贸n: 01-11-2018 a las 14:53:51
>>>>>>> ronaldo
-- Versi贸n del servidor: 10.1.36-MariaDB
-- Versi贸n de PHP: 7.2.10

SET SQL_MODE = "NO_AUTO_VALUE_ON_ZERO";
SET AUTOCOMMIT = 0;
START TRANSACTION;
SET time_zone = "+00:00";


/*!40101 SET @OLD_CHARACTER_SET_CLIENT=@@CHARACTER_SET_CLIENT */;
/*!40101 SET @OLD_CHARACTER_SET_RESULTS=@@CHARACTER_SET_RESULTS */;
/*!40101 SET @OLD_COLLATION_CONNECTION=@@COLLATION_CONNECTION */;
/*!40101 SET NAMES utf8mb4 */;

--
-- Base de datos: `db_supervisores`
--

-- --------------------------------------------------------

--
-- Estructura de tabla para la tabla `asigancion_permiso`
--

CREATE TABLE `asigancion_permiso` (
  `id_asiganacionP` int(11) NOT NULL,
  `id_roles` int(11) NOT NULL,
  `id_permiso` int(11) NOT NULL
) ENGINE=InnoDB DEFAULT CHARSET=utf8mb4 COLLATE=utf8mb4_unicode_ci;

-- --------------------------------------------------------

--
-- Estructura de tabla para la tabla `coordinadores`
--

CREATE TABLE `coordinadores` (
  `id_cordinador` int(11) NOT NULL,
  `nombre` varchar(50) COLLATE utf8mb4_unicode_ci NOT NULL,
  `apellido` varchar(50) COLLATE utf8mb4_unicode_ci NOT NULL,
  `cedula` int(11) NOT NULL,
  `correo` varchar(50) COLLATE utf8mb4_unicode_ci NOT NULL,
  `password` varchar(50) COLLATE utf8mb4_unicode_ci NOT NULL,
  `telefono` int(11) NOT NULL,
  `direcc` int(11) NOT NULL
) ENGINE=InnoDB DEFAULT CHARSET=utf8mb4 COLLATE=utf8mb4_unicode_ci;

<<<<<<< HEAD
=======
--
-- Volcado de datos para la tabla `coordinadores`
--

INSERT INTO `coordinadores` (`id_cordinador`, `nombre`, `apellido`, `cedula`, `correo`, `password`, `telefono`, `direcc`) VALUES
(1, 'faby', 'freyte', 1140830054, 'ffreytte@gmail.com', '123456', 4536485, 0);

>>>>>>> ronaldo
-- --------------------------------------------------------

--
-- Estructura de tabla para la tabla `cordinadores_permiso`
--

CREATE TABLE `cordinadores_permiso` (
  `id_cordinador_permiso` int(11) NOT NULL,
  `id_cordinadores` int(11) NOT NULL,
  `id_permisos` int(11) NOT NULL
) ENGINE=InnoDB DEFAULT CHARSET=utf8mb4 COLLATE=utf8mb4_unicode_ci;

-- --------------------------------------------------------

--
-- Estructura de tabla para la tabla `migrations`
--

CREATE TABLE `migrations` (
  `id` int(10) UNSIGNED NOT NULL,
  `migration` varchar(191) COLLATE utf8mb4_unicode_ci NOT NULL,
  `batch` int(11) NOT NULL
) ENGINE=InnoDB DEFAULT CHARSET=utf8mb4 COLLATE=utf8mb4_unicode_ci;

--
-- Volcado de datos para la tabla `migrations`
--

INSERT INTO `migrations` (`id`, `migration`, `batch`) VALUES
(1, '2014_10_12_000000_create_users_table', 1),
(2, '2014_10_12_100000_create_password_resets_table', 1),
(3, '2016_06_01_000001_create_oauth_auth_codes_table', 1),
(4, '2016_06_01_000002_create_oauth_access_tokens_table', 1),
(5, '2016_06_01_000003_create_oauth_refresh_tokens_table', 1),
(6, '2016_06_01_000004_create_oauth_clients_table', 1),
(7, '2016_06_01_000005_create_oauth_personal_access_clients_table', 1),
(8, '2018_10_29_042808_create_posts_table', 1);

-- --------------------------------------------------------

--
-- Estructura de tabla para la tabla `oauth_access_tokens`
--

CREATE TABLE `oauth_access_tokens` (
  `id` varchar(100) COLLATE utf8mb4_unicode_ci NOT NULL,
  `user_id` int(11) DEFAULT NULL,
  `client_id` int(11) NOT NULL,
  `name` varchar(191) COLLATE utf8mb4_unicode_ci DEFAULT NULL,
  `scopes` text COLLATE utf8mb4_unicode_ci,
  `revoked` tinyint(1) NOT NULL,
  `created_at` timestamp NULL DEFAULT NULL,
  `updated_at` timestamp NULL DEFAULT NULL,
  `expires_at` datetime DEFAULT NULL
) ENGINE=InnoDB DEFAULT CHARSET=utf8mb4 COLLATE=utf8mb4_unicode_ci;

<<<<<<< HEAD
=======
--
-- Volcado de datos para la tabla `oauth_access_tokens`
--

INSERT INTO `oauth_access_tokens` (`id`, `user_id`, `client_id`, `name`, `scopes`, `revoked`, `created_at`, `updated_at`, `expires_at`) VALUES
('03878309e5dde574bf04eb1dc25e3b1bfb71528375caea92ba28ee338a2f0e88437a7dedf99b8517', 5, 1, NULL, '[\"*\"]', 0, '2018-10-31 21:55:35', '2018-10-31 21:55:35', '2018-11-01 16:55:34'),
('071c747afe8af9c5db0e53421daad11e23fd1da93beed801cb3d4425b8550682545333e7db183cac', 5, 1, NULL, '[\"*\"]', 0, '2018-10-31 23:07:51', '2018-10-31 23:07:51', '2018-11-01 18:07:51'),
('07ab2b46e6809e0e83ac7c9a37ede9ad68cff3810d1d6cc89fb3925a1b9906013138594e4ecd364b', 4, 1, NULL, '[\"*\"]', 0, '2018-11-01 00:27:23', '2018-11-01 00:27:23', '2018-11-01 19:27:23'),
('07ba24b09430bcc5b1ac5fa0613ded4488a84fa799747a5fb9ef5356ef7b5e6d8bf1b1e087cb2b16', 5, 1, NULL, '[\"*\"]', 0, '2018-11-01 02:00:36', '2018-11-01 02:00:36', '2018-11-01 21:00:36'),
('09606aa59c43f1f5e8f868d1aa7ecfc7e0aba420af18b6f340e43516971e7f970910b147c8910cf9', 4, 1, NULL, '[\"*\"]', 0, '2018-10-31 19:08:17', '2018-10-31 19:08:17', '2018-11-01 14:08:15'),
('0a67aeff4b62beea4a56686e13715d40ba4edd38c2d50a25be35341571610f27262d3084720daeaa', 4, 1, NULL, '[\"*\"]', 0, '2018-10-31 19:36:43', '2018-10-31 19:36:43', '2018-11-01 14:36:41'),
('0ade383e0f9301a1c37b74bed4a3a15e61924d269138ed26c3fc93dae75a11ae3500bcb3d32f7859', 4, 1, NULL, '[\"*\"]', 0, '2018-11-01 02:14:18', '2018-11-01 02:14:18', '2018-11-01 21:14:18'),
('0bdc401a8a2d32fba5aaa3f7f54c8d2b425eaa188a98493cdf7a3c64a6aa8fd935df956321b816a6', 5, 1, NULL, '[\"*\"]', 0, '2018-10-31 23:37:51', '2018-10-31 23:37:51', '2018-11-01 18:37:51'),
('0d47079a1464aa601b22497bf954053b9793236027117696a4016a992e6d73a6de34cb02daa4821b', 4, 1, NULL, '[\"*\"]', 0, '2018-11-01 00:34:58', '2018-11-01 00:34:58', '2018-11-01 19:34:58'),
('0f54e38edb18425011a68bf8fbaa3f0e88bf62148842e86cb6cd9376cdb4c8721a88d6e38f852b0e', 5, 1, NULL, '[\"*\"]', 0, '2018-11-01 00:44:55', '2018-11-01 00:44:55', '2018-11-01 19:44:55'),
('0fc1cc77fc6acc97404530ef9b8db579a5f4e95167a368a9507137d0450a6ce05924955ab84fed1a', 4, 1, NULL, '[\"*\"]', 0, '2018-11-01 01:16:19', '2018-11-01 01:16:19', '2018-11-01 20:16:18'),
('1064130d442666f0afb288e7e24b59f643fee7168794059220c1f760b1182391cbdefc926b8b2266', 4, 1, NULL, '[\"*\"]', 1, '2018-10-31 19:53:43', '2018-10-31 19:53:43', '2018-11-01 14:53:43'),
('15287aa06fec271abaa183fe1de72060308571be1b4e9f14a45b86ee193f76af3c834afb049fa496', 5, 1, NULL, '[\"*\"]', 0, '2018-11-01 00:22:41', '2018-11-01 00:22:41', '2018-11-01 19:22:41'),
('18f70a2b0d53664e1bd0fe5ac9ea847afa6b7448d1f5de2b640161945a88fa6f5ade3146fbb5d40e', 5, 1, NULL, '[\"*\"]', 0, '2018-11-01 01:23:45', '2018-11-01 01:23:45', '2018-11-01 20:23:45'),
('19313debde21fbd7eb44969654977006942d0dca7cd59949c5a6bf98d293dc287211363282cfa223', 5, 1, NULL, '[\"*\"]', 0, '2018-11-01 00:22:04', '2018-11-01 00:22:04', '2018-11-01 19:22:04'),
('198cbc3ac9ff3e3d0651baff53ff3819f523b1c9862570e18afa64248afb56a96fa9c0ca5ecce991', 5, 1, NULL, '[\"*\"]', 0, '2018-11-01 00:02:57', '2018-11-01 00:02:57', '2018-11-01 19:02:57'),
('19bf31cc57683798c169cc0a689ae3333f1029a7d3524e98ed89dbd9c9f3f4cc4c11e9ad578f5d3b', 4, 1, NULL, '[\"*\"]', 0, '2018-11-01 01:40:50', '2018-11-01 01:40:50', '2018-11-01 20:40:49'),
('19ce6b95b7fc007e1f0989178446f88774f21956e9dc8befe232a462f01de53b7e02e497ab628a16', 4, 1, NULL, '[\"*\"]', 0, '2018-10-31 20:06:25', '2018-10-31 20:06:25', '2018-11-01 15:06:25'),
('1af3e01419afdbe551c9928667e2c44705e3e10cd0d0d86d4e40547824fb6ce6c03afb5a86d94884', 5, 1, NULL, '[\"*\"]', 0, '2018-11-01 01:46:24', '2018-11-01 01:46:24', '2018-11-01 20:46:24'),
('200696b198c13e5625495bacdfe13ef88a47929ab853ddde7c4cd01ba420df935ba3b743222003d0', 5, 1, NULL, '[\"*\"]', 0, '2018-11-01 00:23:14', '2018-11-01 00:23:14', '2018-11-01 19:23:14'),
('22250f31087e9fb239ce2a94447f52f022289f9ff1f94ea52186fd54c15db57430a079ff30bb79a3', 5, 1, NULL, '[\"*\"]', 0, '2018-10-31 23:14:44', '2018-10-31 23:14:44', '2018-11-01 18:14:43'),
('2750a7e028b83bee6d4b68a80f30860bd0f41e7ba78ca13e1f6b2252908f7c433d8f46515e271f71', 5, 1, NULL, '[\"*\"]', 0, '2018-11-01 00:25:33', '2018-11-01 00:25:33', '2018-11-01 19:25:33'),
('2d3edde2589efb2d6ff979b863e3bbada7307b7a0aae5c13f93b2a108d3ed1a2b4f60d5cd7ecad66', 5, 1, NULL, '[\"*\"]', 0, '2018-10-31 23:56:15', '2018-10-31 23:56:15', '2018-11-01 18:56:15'),
('2e37c6b7d3197984e3480dfa63b8933a97711d3f386c0c0f379cbf084380b5fe976faa1f7dd16d4f', 5, 1, NULL, '[\"*\"]', 0, '2018-10-31 23:35:23', '2018-10-31 23:35:23', '2018-11-01 18:35:23'),
('2f3e3da0807192deea4878488631bb58e86671e42041529643181c048c1fdf4c364ef78b6e7342b2', 4, 1, NULL, '[\"*\"]', 0, '2018-11-01 00:44:39', '2018-11-01 00:44:39', '2018-11-01 19:44:39'),
('30a9e7a4dfb27260fa8e8bf65e3eb5270ce704bc0444361942074b7f1520d812e2efab453cc0bb4b', 5, 1, NULL, '[\"*\"]', 0, '2018-11-01 00:22:05', '2018-11-01 00:22:05', '2018-11-01 19:22:05'),
('34e69dab2ccf33820e4df65f91488f113508e9e66350f5a6ca97939c399f0aa569d9642653d1d36f', 4, 1, NULL, '[\"*\"]', 0, '2018-10-31 19:10:09', '2018-10-31 19:10:09', '2018-11-01 14:10:09'),
('3b9f61b03c99d40982917e01775de7654ded5191f213fa9c4af4ab04718291c5d3e735c45190cf50', 1, 1, NULL, '[\"*\"]', 0, '2018-11-01 02:23:29', '2018-11-01 02:23:29', '2018-11-01 21:23:29'),
('3eef9b4a617e477f8460815af4033c06b0e63e23fa8ee5577a34a3061a5392190ded56953bb65f7f', 5, 1, NULL, '[\"*\"]', 0, '2018-11-01 00:14:33', '2018-11-01 00:14:33', '2018-11-01 19:14:33'),
('3f4cf2cee5a527c2faf548198c65d064665409f6c36d022251a32d1ac9044f643216a55f0facb1e6', 5, 1, NULL, '[\"*\"]', 0, '2018-10-31 21:48:10', '2018-10-31 21:48:10', '2018-11-01 16:48:06'),
('40a50e7ee173ab1e65f025708fe69c4034165fcc3f54bbaa9acbf0de7fa26b93f4c13c5357e47cea', 1, 1, NULL, '[\"*\"]', 0, '2018-11-01 02:04:34', '2018-11-01 02:04:34', '2018-11-01 21:04:32'),
('42d5eac43d39aa2a2ac8750057725518e7b1bdcdd612ce659696dfa4c6cf9bfe39343ed1e359cfc4', 4, 1, NULL, '[\"*\"]', 0, '2018-10-31 19:37:21', '2018-10-31 19:37:21', '2018-11-01 14:37:20'),
('43cca2906c550305c428340799b238c697d8672b2394274e72915a65adfe516d9dc238cdcabe73c9', 5, 1, NULL, '[\"*\"]', 0, '2018-11-01 00:06:18', '2018-11-01 00:06:18', '2018-11-01 19:06:18'),
('441bf939a8de0d94184f6841fcc83cb6232b5153325097a6f60833de69eb4e85a371d2e4f7faed7b', 4, 1, NULL, '[\"*\"]', 1, '2018-10-31 20:06:43', '2018-10-31 20:06:43', '2018-11-01 15:06:43'),
('4704e7b465e3051494aac8ef9e62844924fbdb2a804e88f53935c0d5ef96f3f0e8cebb619fd198f0', 5, 1, NULL, '[\"*\"]', 0, '2018-11-01 02:13:09', '2018-11-01 02:13:09', '2018-11-01 21:13:08'),
('4a2f6694efed11a7b18631dc98241e3084ad834f369147344b71d782b3f5fe99d7e37a09b748b257', 5, 1, NULL, '[\"*\"]', 0, '2018-10-31 21:43:47', '2018-10-31 21:43:47', '2018-11-01 16:43:46'),
('4b5cdd1b78a25a8b3d3e4aad00b41ce5d64872b496e99c3c9abc212e724f8d336ced29cdf2247939', 1, 1, NULL, '[\"*\"]', 0, '2018-11-01 02:55:06', '2018-11-01 02:55:06', '2018-11-01 21:55:06'),
('4c99fd76f5aca51973828986e82f1ef42ed88f1cc26b559181d8aa09c4f3c8acf9c86357ad76475e', 4, 1, NULL, '[\"*\"]', 0, '2018-10-31 19:01:34', '2018-10-31 19:01:34', '2018-11-01 14:01:34'),
('4cde6414a3c482d13a7bea8d11d10292bef7bebd96162b78cc207696ac7dfc1191f113d524919101', 5, 1, NULL, '[\"*\"]', 0, '2018-11-01 00:43:24', '2018-11-01 00:43:24', '2018-11-01 19:43:24'),
('4d0128f7f81c96d6647ad7b460635ef9ae108e94487c1af46c1a751c1439c6da833ca88058fe6058', 4, 1, NULL, '[\"*\"]', 0, '2018-10-31 19:10:27', '2018-10-31 19:10:27', '2018-11-01 14:10:27'),
('4f4f4cd2b605780f4c1507af0ea031226abdeecd37db13612cc50672d3ac6766deb708158abff6c6', 5, 1, NULL, '[\"*\"]', 0, '2018-11-01 01:58:35', '2018-11-01 01:58:35', '2018-11-01 20:58:35'),
('5015d45b25965353881ebeb4177875720ecfd72b2fa76807d41b14308eed31d6d5f8077692de57ed', 5, 1, NULL, '[\"*\"]', 0, '2018-10-31 23:12:48', '2018-10-31 23:12:48', '2018-11-01 18:12:48'),
('546640869e89ddf323fac4526bb6d039f7ee72ab7161cba965bdc533588c3d0784915c1367220ce9', 4, 1, NULL, '[\"*\"]', 0, '2018-10-31 19:54:08', '2018-10-31 19:54:08', '2018-11-01 14:54:08'),
('58bb54b1d0d4ad4a9c14ca412d47c044ac25dba0cc53b349fa0872953e3d2404d73d07dac225bcb3', 5, 1, NULL, '[\"*\"]', 0, '2018-11-01 02:46:46', '2018-11-01 02:46:46', '2018-11-01 21:46:46'),
('5b67e9d219df337c5fc68c7c4c7ef84ef596280a72890366fd0530f2594d6433c12445216c822231', 4, 1, NULL, '[\"*\"]', 0, '2018-10-31 19:39:35', '2018-10-31 19:39:35', '2018-11-01 14:39:35'),
('5e728732502b5c35ff5168d134a0afaf5f3f721971b95275d7da76f0363028699b6e39dd83725ff3', 5, 1, NULL, '[\"*\"]', 0, '2018-10-31 23:29:23', '2018-10-31 23:29:23', '2018-11-01 18:29:23'),
('5e793db0ff910d26450dcd589f17e834ed88bede785bd999762abed80c521eee346783d54f87c368', 5, 1, NULL, '[\"*\"]', 0, '2018-10-31 23:41:11', '2018-10-31 23:41:11', '2018-11-01 18:41:11'),
('608f6acf9d7a71f5f785e75d662c31751923c051bd1c4aa720a5142507a1ad6585e639fdfbddb8a2', 4, 1, NULL, '[\"*\"]', 0, '2018-10-31 19:03:05', '2018-10-31 19:03:05', '2018-11-01 14:03:04'),
('61df22421ae982c3180d307f7caa69d73d24b9179f53cca6d1fa68a474ce6fd9be2a51a0fabef07c', 5, 1, NULL, '[\"*\"]', 0, '2018-11-01 00:44:35', '2018-11-01 00:44:35', '2018-11-01 19:44:35'),
('63275cb8547d41cddbc44f8d145a0ca22844d739524f76b9144f82432f9f5e03ebab608e501a1aa3', 4, 1, NULL, '[\"*\"]', 0, '2018-10-31 19:04:00', '2018-10-31 19:04:00', '2018-11-01 14:03:49'),
('65df415ab560082112cfdb149bb7d2b37623581cb9db96b34e1652be5c26d6dea2ffa6b8f0942960', 4, 1, NULL, '[\"*\"]', 0, '2018-11-01 02:43:26', '2018-11-01 02:43:26', '2018-11-01 21:43:25'),
('687e6173befe72309d5cd2f3ac716fc077a389421196b9134392c084babe6bd258ef02dd0fbe3f11', 5, 1, NULL, '[\"*\"]', 0, '2018-11-01 00:26:30', '2018-11-01 00:26:30', '2018-11-01 19:26:30'),
('6ce204b51f5b6be13b4b1dc36f42624c67bd403907125fb72e9278431e3de70ff0da8f66fbcce88d', 5, 1, NULL, '[\"*\"]', 0, '2018-11-01 02:10:32', '2018-11-01 02:10:32', '2018-11-01 21:10:32'),
('6d0a3ccbe788256e46816649e1c58e9c55771e11100b3b3e54f67e420f8202d037c3502cfa42ee26', 5, 1, NULL, '[\"*\"]', 0, '2018-11-01 00:24:03', '2018-11-01 00:24:03', '2018-11-01 19:24:03'),
('6f41acf45b8f67d319da173de2f13ae2d19e538effd4ab3b7df0c76f783f1fd80b9e60ccabd77fca', 5, 1, NULL, '[\"*\"]', 0, '2018-11-01 02:29:32', '2018-11-01 02:29:32', '2018-11-01 21:29:32'),
('6f467c76fb132bb628e565ff1dd17fd093f8abb6e30fde683587b1b848a86f9dfa7feafda1b30b47', 5, 1, NULL, '[\"*\"]', 0, '2018-11-01 00:20:11', '2018-11-01 00:20:11', '2018-11-01 19:20:11'),
('7264640ebcc9485f351122ff31fe8dda0efc6e3b0bbc8a3feb81fee0a2c7ea474e7dce7da4d035f2', 4, 1, NULL, '[\"*\"]', 0, '2018-11-01 02:58:30', '2018-11-01 02:58:30', '2018-11-01 21:58:30'),
('743d16773d4db16b6dd2224529f4668ccabbe5e0c937789a9a3ef8b8b6ab864956ed50068413c2fc', 5, 1, NULL, '[\"*\"]', 0, '2018-10-31 21:52:58', '2018-10-31 21:52:58', '2018-11-01 16:52:48'),
('784d6b28dec719c4c3d87bc40bf269b65ee93dc4630601228155dc73fa0ac5ee2c9605fa9af923af', 4, 1, NULL, '[\"*\"]', 0, '2018-10-31 19:14:08', '2018-10-31 19:14:08', '2018-11-01 14:14:06'),
('7fd593a595e05aa21773ddd5273c19a773317586e1907dd881dbfe861083ab142c95a0e34cdf5abf', 4, 1, NULL, '[\"*\"]', 1, '2018-10-31 20:06:55', '2018-10-31 20:06:55', '2018-11-01 15:06:55'),
('80b652e048e05cef72c409d43508305615e617698fef18176f78df1dd12891480d609b37982d981d', 4, 1, NULL, '[\"*\"]', 0, '2018-11-01 02:57:49', '2018-11-01 02:57:49', '2018-11-01 21:57:49'),
('82530343c88fe1872e78f87ee7126bf890cc3af35bda28cfc315b9727b55c9599b18ee7b50c1f5bc', 4, 1, NULL, '[\"*\"]', 0, '2018-11-01 00:37:17', '2018-11-01 00:37:17', '2018-11-01 19:37:17'),
('8270bd5524203ce8eaea90162f7e4d00f52101693ddda244f0d2a905b5e85a18edaf3d4fa0d57993', 5, 1, NULL, '[\"*\"]', 0, '2018-11-01 00:15:30', '2018-11-01 00:15:30', '2018-11-01 19:15:30'),
('833f662e794b35c8513d94d83aeb06b871927b7987bc22420e4588ed6863552c746dc8b69fbabee8', 4, 1, NULL, '[\"*\"]', 0, '2018-11-01 02:21:56', '2018-11-01 02:21:56', '2018-11-01 21:21:56'),
('8480faf247d58bfaa3f1113214addca40d9d884523ae89b263055a543ba6acbfe2b25a91999ba829', 5, 1, NULL, '[\"*\"]', 0, '2018-11-01 00:16:15', '2018-11-01 00:16:15', '2018-11-01 19:16:15'),
('8656ee16219ca178d8fd0ac7651ba4c484b05abfeac78f754492f41cf9047a923e55681aa06206a0', 5, 1, NULL, '[\"*\"]', 0, '2018-10-31 23:08:17', '2018-10-31 23:08:17', '2018-11-01 18:08:17'),
('87665554b21687f2918658dfd94b4927a4cea790cc1818f571e71a4c2b14da3a4aad2fda23c34de2', 5, 1, NULL, '[\"*\"]', 0, '2018-11-01 02:30:12', '2018-11-01 02:30:12', '2018-11-01 21:30:12'),
('8850a61d9c312cb456460c423f897f62b98cb90e76f7aa344d6c9e30fea7e4bda48f6e519214e218', 5, 1, NULL, '[\"*\"]', 0, '2018-11-01 00:00:09', '2018-11-01 00:00:09', '2018-11-01 19:00:09'),
('8a203382f5f123820d7b0891d20d042a085f876e924dc449a09c2aa1a01ddc7de58a9e2742d2e995', 5, 1, NULL, '[\"*\"]', 0, '2018-11-01 01:57:15', '2018-11-01 01:57:15', '2018-11-01 20:57:15'),
('8ebba5d52b3605fc4d4c013efd73c79f4dceb8e4c67d6b354b660728f7f1a911d81b0fff67ba0811', 5, 1, NULL, '[\"*\"]', 0, '2018-11-01 00:28:18', '2018-11-01 00:28:18', '2018-11-01 19:28:18'),
('8f5ebe98d87aed40b321485fa62c426cd4f1c994c187fe6d5b2a42740a1ae7e92c8d832a9b6577eb', 5, 1, NULL, '[\"*\"]', 0, '2018-10-31 23:56:13', '2018-10-31 23:56:13', '2018-11-01 18:56:13'),
('94a4f8127d338680c0d4431d5c6f767274ed25a5ecfc15b97138df33c277216cf2c6e7efe9602620', 5, 1, NULL, '[\"*\"]', 0, '2018-11-01 01:46:50', '2018-11-01 01:46:50', '2018-11-01 20:46:50'),
('960d871a4a0704440f85447bd1b24f025158601c0d25ba398b14c3aae2c4fc5de941ed9418301d93', 5, 1, NULL, '[\"*\"]', 0, '2018-10-31 23:12:14', '2018-10-31 23:12:14', '2018-11-01 18:12:14'),
('97d60bb62adbcd25df5ee29e048210cbee73396e6c1c34467394625acb78c3b0e80410497815e597', 4, 1, NULL, '[\"*\"]', 1, '2018-10-31 20:06:05', '2018-10-31 20:06:05', '2018-11-01 15:06:05'),
('99f2dd3702ba6e59795cfcf077edcc6897f11f98a772892dba7534b89f6f98b99a831f70dcdfe896', 4, 1, NULL, '[\"*\"]', 0, '2018-10-31 23:26:29', '2018-10-31 23:26:29', '2018-11-01 18:26:29'),
('9ae79407a29fd295b76f90c7fddd7916ce6082ca468a74f68e959c7fe10f0ef231bf0b042c5a9c45', 5, 1, NULL, '[\"*\"]', 0, '2018-10-31 21:55:00', '2018-10-31 21:55:00', '2018-11-01 16:55:00'),
('9cfbe548115fa9abc87dcff242d8db6de47ef113b76bf2ab0638819c53582ebfad07f92cb06bb2b4', 4, 1, NULL, '[\"*\"]', 1, '2018-10-31 19:41:31', '2018-10-31 19:41:31', '2018-11-01 14:41:31'),
('9ddf350a22e92ff33631f371019cca5997086f3a9b2dc90ff7db60a02c0ea027dd58bf7c1e23d340', 5, 1, NULL, '[\"*\"]', 0, '2018-11-01 02:56:35', '2018-11-01 02:56:35', '2018-11-01 21:56:35'),
('a229830fe90073bc59b97b706b16a8a96105954b43a947c086ec78e7b1b75f77015f962166644150', 4, 1, NULL, '[\"*\"]', 0, '2018-10-31 20:07:09', '2018-10-31 20:07:09', '2018-11-01 15:07:09'),
('a34a67a1c38c0d9083fc7f77eeb5a60d10816020a370eb8cde7991e68601f29dc963a7e3b341440e', 5, 1, NULL, '[\"*\"]', 0, '2018-11-01 02:57:38', '2018-11-01 02:57:38', '2018-11-01 21:57:38'),
('a5ad76150d1c70c9e91d2b5a1070c41774f0ed6bd334df85120822949180ed0b0590ea30c0c7774b', 5, 1, NULL, '[\"*\"]', 0, '2018-11-01 02:21:02', '2018-11-01 02:21:02', '2018-11-01 21:21:02'),
('a6b5db9c1cb53172f167284be20efde95d80cf0452cf1b313067d308c12e6a73b8b2e0d2af56e74e', 5, 1, NULL, '[\"*\"]', 0, '2018-10-31 23:13:07', '2018-10-31 23:13:07', '2018-11-01 18:13:07'),
('a6e796d19414fa31482320d6464aba8f88c5d4e2148d0ebf9d17f54ed9668e02a7cfe0e9fd3b538d', 5, 1, NULL, '[\"*\"]', 0, '2018-11-01 00:15:45', '2018-11-01 00:15:45', '2018-11-01 19:15:45'),
('a7330bd1b3fe990aa6cece13a6730a23b58e8e4660cfb36bd4f94149d284a4611aa34f142d8fb05d', 5, 1, NULL, '[\"*\"]', 0, '2018-10-31 23:03:50', '2018-10-31 23:03:50', '2018-11-01 18:03:46'),
('aa199415da683ed1afc4b84a3cad3d01504ce04cc5915437618aba2b4cedc6b057711e7a58742eca', 5, 1, NULL, '[\"*\"]', 0, '2018-11-01 02:47:02', '2018-11-01 02:47:02', '2018-11-01 21:47:02'),
('ab6689ef0c771c447a0d1d26b773fec4bb99f6dadc4bf0411c902ddce092cc7b50aac23cafe6863e', 4, 1, NULL, '[\"*\"]', 0, '2018-10-31 19:53:19', '2018-10-31 19:53:19', '2018-11-01 14:53:19'),
('ad7db4fc408592db986622a423fb11734bd47509969c723f13bb9b6c0704d9e9321a462cb969f569', 1, 1, NULL, '[\"*\"]', 0, '2018-11-01 02:13:48', '2018-11-01 02:13:48', '2018-11-01 21:13:48'),
('af595101d77c6d554f17dd981e664e8b096505d9f8b2779c9d5c4c8b189526808f04ce0f26cba26b', 5, 1, NULL, '[\"*\"]', 0, '2018-10-31 23:07:07', '2018-10-31 23:07:07', '2018-11-01 18:07:07'),
('b463a826ae963d59d9015726329f3b58697b2641cbc2f0435ab81631868a2ff8ec597704bdad2d2f', 5, 1, NULL, '[\"*\"]', 0, '2018-11-01 00:00:17', '2018-11-01 00:00:17', '2018-11-01 19:00:17'),
('b933f2e1576f4b2e47999c7d8f8a48442b9959fd344b368c251035e5f5e392d923da23da2a149fe6', 5, 1, NULL, '[\"*\"]', 0, '2018-11-01 01:16:31', '2018-11-01 01:16:31', '2018-11-01 20:16:31'),
('bec09fd4c4987e3ba9c22dc689e025f6ea59cd4b294f39d2beb8199758879e3f79a8c8bc962afdc0', 5, 1, NULL, '[\"*\"]', 0, '2018-11-01 02:13:32', '2018-11-01 02:13:32', '2018-11-01 21:13:32'),
('c34d287fd6c7214af91c83227f1c720546c9ac70d69294ff455eef36df9b6f02e3e08f18747a2b5f', 5, 1, NULL, '[\"*\"]', 0, '2018-10-31 23:30:25', '2018-10-31 23:30:25', '2018-11-01 18:30:25'),
('c970569a6c10aac48068e59e39ae4c6072456602be2092132a22910e369aebd0ed59d167acf3783f', 4, 1, NULL, '[\"*\"]', 0, '2018-11-01 02:52:30', '2018-11-01 02:52:30', '2018-11-01 21:52:29'),
('cc459c6f3466f858740542f0633d8cf7fed754a84eb508863b68c3ebca0625835fbf6816ba0fec0b', 5, 1, NULL, '[\"*\"]', 0, '2018-11-01 00:18:45', '2018-11-01 00:18:45', '2018-11-01 19:18:45'),
('d01a48b131b91cdcf77e5ce984ead6c42eb55c199236487f58ea36a4ed2d963b0d4332e47311458e', 5, 1, NULL, '[\"*\"]', 0, '2018-10-31 23:34:28', '2018-10-31 23:34:28', '2018-11-01 18:34:28'),
('d382788acbe7f668838dcbadb144638532de4be4b60ebe49809c7728dcd859db0830cfded21bf3b4', 4, 1, NULL, '[\"*\"]', 0, '2018-11-01 02:46:09', '2018-11-01 02:46:09', '2018-11-01 21:46:09'),
('d5b5b305105fb56da3bed675ca6b389e8fd4e718a867cfb2152f986490a5dd9284d5e3b44285839b', 4, 1, NULL, '[\"*\"]', 0, '2018-11-01 00:37:04', '2018-11-01 00:37:04', '2018-11-01 19:36:58'),
('d79d72b13f4f23f6fee951b107d183147f0b403d278cff4bbb5c7d89262f3f2a122edc47b8e80e6f', 5, 1, NULL, '[\"*\"]', 0, '2018-11-01 02:58:21', '2018-11-01 02:58:21', '2018-11-01 21:58:21'),
('d8a2146eafea545624b050b5c7e756d1fbc9a764014d36081d9d418d9b0dfdd191bab90f7bdf1ff3', 4, 1, NULL, '[\"*\"]', 0, '2018-11-01 02:52:49', '2018-11-01 02:52:49', '2018-11-01 21:52:49'),
('dc2b8191b69cd48a3f3c19c5dff39e72bce02a9abd85383e9a98eae44bd2b4a1e4e424436145130c', 4, 1, NULL, '[\"*\"]', 0, '2018-11-01 02:57:27', '2018-11-01 02:57:27', '2018-11-01 21:57:27'),
('dc55ee4820b4c4bc1c00edca4ab4e5301aed4fd0fac87490fc10f874e32d7881f8a5d4bfbaa9950c', 4, 1, NULL, '[\"*\"]', 0, '2018-10-31 19:08:35', '2018-10-31 19:08:35', '2018-11-01 14:08:35'),
('dddc0c97bf9954236dd57cba9a8548412b9b9f4a541ae31b300cdc45fdd61f9434a4ffe7ffe118de', 5, 1, NULL, '[\"*\"]', 0, '2018-11-01 00:40:47', '2018-11-01 00:40:47', '2018-11-01 19:40:47'),
('dec8ac0f4370e75182287efb0a16d5af490a8234a2d9b68cd45ef284527c6dd232dc8252af227472', 5, 1, NULL, '[\"*\"]', 0, '2018-10-31 23:15:54', '2018-10-31 23:15:54', '2018-11-01 18:15:54'),
('e57c9f1e622381cf11de237f5f62a9ee9a9222bad516ec83a2a38d99ebe4f71259a452128946d54e', 5, 1, NULL, '[\"*\"]', 0, '2018-11-01 00:14:24', '2018-11-01 00:14:24', '2018-11-01 19:14:23'),
('ea8d3a3bfdb9797f1ad8117422a17c5db291b1439126491341c28237d39fc08cd2c51962f65d3b9a', 4, 1, NULL, '[\"*\"]', 0, '2018-10-31 18:55:46', '2018-10-31 18:55:46', '2018-11-01 13:55:43'),
('ed692fa486dcedbce3002cc303a3a758f11662223d1d00823d4b0f52bd44577dafbb71a16b03d606', 4, 1, NULL, '[\"*\"]', 0, '2018-11-01 02:43:51', '2018-11-01 02:43:51', '2018-11-01 21:43:51'),
('edecf4a069d62eafe4af9b2908e46c99c0dd2115d2ad41d7c298ef0d7acdbcbdbaf2ec607f3e5d08', 5, 1, NULL, '[\"*\"]', 0, '2018-11-01 00:01:00', '2018-11-01 00:01:00', '2018-11-01 19:00:59'),
('edf631bf5f6af98705e3130ef02bc8b1edc7baa64783c2cc9382d5aff03b4c41ec3037df9af91925', 4, 1, NULL, '[\"*\"]', 0, '2018-11-01 00:37:04', '2018-11-01 00:37:04', '2018-11-01 19:36:58'),
('f2eaffea8d2220f6e64e2973d372f80f131bcf360e9edf61e32f970ae3f7e0025680ec9b368504ef', 5, 1, NULL, '[\"*\"]', 0, '2018-10-31 23:16:15', '2018-10-31 23:16:15', '2018-11-01 18:16:15'),
('f3dfebecdf9be962446e329b02b6c4042ce3909bea7b1416e326cc4e985ab9e8ce522a0b0efc009e', 5, 1, NULL, '[\"*\"]', 0, '2018-11-01 03:09:39', '2018-11-01 03:09:39', '2018-11-01 22:09:37'),
('f79e733d5b244c77f5108cd6c2a93b7250eb21fb593df8ac3cab6eb42f3c732d5562ab51c0aa2cca', 4, 1, NULL, '[\"*\"]', 1, '2018-10-31 02:32:36', '2018-10-31 02:32:36', '2018-10-31 21:32:35'),
('f7b179e00ec59d897929acb9ecc31a81dd2671df4cf8096aa966a34a3af314dbb102ac2294391423', 5, 1, NULL, '[\"*\"]', 0, '2018-11-01 00:28:58', '2018-11-01 00:28:58', '2018-11-01 19:28:58'),
('f82645b32b7726e9de19bacc8eeabcbf0be1410e0efe94411a812ad20a189c3bce51dd7e2ad78e61', 5, 1, NULL, '[\"*\"]', 0, '2018-11-01 00:26:35', '2018-11-01 00:26:35', '2018-11-01 19:26:35'),
('f91b11d9ca5f395b3cf10a3ce701519110d2ec0474cf763ae735e9bc604cd1b647164f1c39aaa79a', 5, 1, NULL, '[\"*\"]', 0, '2018-11-01 03:09:39', '2018-11-01 03:09:39', '2018-11-01 22:09:37'),
('fac6ef950a27132127959d3361d0935104f2e86ea0011586b34b6502b8fb27bb81a6ab0b28e10a69', 4, 1, NULL, '[\"*\"]', 0, '2018-11-01 02:45:12', '2018-11-01 02:45:12', '2018-11-01 21:45:12'),
('fb40fc584ffa56f67b7e4a07fd6ce082e23da6c5d94139a0e03c9b2bd0e0a0550c2424d48632e2a8', 4, 1, NULL, '[\"*\"]', 1, '2018-11-01 00:53:44', '2018-11-01 00:53:44', '2018-11-01 19:53:43'),
('fbe71ed77f6467aaccc81bf7de3d59169fbe1e434df2ec5f3abf0772835f9a0bccd6a1582d8a1261', 5, 1, NULL, '[\"*\"]', 0, '2018-10-31 23:19:24', '2018-10-31 23:19:24', '2018-11-01 18:19:24'),
('fc7093d3ec6c0c3875bafc4e0afd0f86dc43f83ad663ae2707b4d4af40de5588a70a41e06f2e6579', 4, 1, NULL, '[\"*\"]', 0, '2018-10-31 19:08:48', '2018-10-31 19:08:48', '2018-11-01 14:08:48'),
('fced3d5b6d483e619772aee1fc38c37cde93c53b572cf0487d3da7a06cda7770508b0473341a2d94', 5, 1, NULL, '[\"*\"]', 0, '2018-11-01 02:19:27', '2018-11-01 02:19:27', '2018-11-01 21:19:26');

>>>>>>> ronaldo
-- --------------------------------------------------------

--
-- Estructura de tabla para la tabla `oauth_auth_codes`
--

CREATE TABLE `oauth_auth_codes` (
  `id` varchar(100) COLLATE utf8mb4_unicode_ci NOT NULL,
  `user_id` int(11) NOT NULL,
  `client_id` int(11) NOT NULL,
  `scopes` text COLLATE utf8mb4_unicode_ci,
  `revoked` tinyint(1) NOT NULL,
  `expires_at` datetime DEFAULT NULL
) ENGINE=InnoDB DEFAULT CHARSET=utf8mb4 COLLATE=utf8mb4_unicode_ci;

-- --------------------------------------------------------

--
-- Estructura de tabla para la tabla `oauth_clients`
--

CREATE TABLE `oauth_clients` (
  `id` int(10) UNSIGNED NOT NULL,
  `user_id` int(11) DEFAULT NULL,
  `name` varchar(191) COLLATE utf8mb4_unicode_ci NOT NULL,
  `secret` varchar(100) COLLATE utf8mb4_unicode_ci NOT NULL,
  `redirect` text COLLATE utf8mb4_unicode_ci NOT NULL,
  `personal_access_client` tinyint(1) NOT NULL,
  `password_client` tinyint(1) NOT NULL,
  `revoked` tinyint(1) NOT NULL,
  `created_at` timestamp NULL DEFAULT NULL,
  `updated_at` timestamp NULL DEFAULT NULL
) ENGINE=InnoDB DEFAULT CHARSET=utf8mb4 COLLATE=utf8mb4_unicode_ci;

--
-- Volcado de datos para la tabla `oauth_clients`
--

INSERT INTO `oauth_clients` (`id`, `user_id`, `name`, `secret`, `redirect`, `personal_access_client`, `password_client`, `revoked`, `created_at`, `updated_at`) VALUES
<<<<<<< HEAD
(1, NULL, 'cudris', 'HtVlCdYlRJuMWOgEtJtGN2NMIYmnP4u8GeyGz1sU', 'http://localhost', 0, 1, 0, '2018-10-31 01:38:29', '2018-10-31 01:38:29');
=======
(1, NULL, 'cudris', 'HtVlCdYlRJuMWOgEtJtGN2NMIYmnP4u8GeyGz1sU', 'http://localhost', 0, 1, 0, '2018-10-31 01:38:29', '2018-10-31 01:38:29'),
(2, NULL, 'ronaldo', 'igU1utYkSsbypgN2xErxJbONsgsM9na26Rf87olf', 'http://localhost', 0, 1, 0, '2018-10-31 02:31:13', '2018-10-31 02:31:13');
>>>>>>> ronaldo

-- --------------------------------------------------------

--
-- Estructura de tabla para la tabla `oauth_personal_access_clients`
--

CREATE TABLE `oauth_personal_access_clients` (
  `id` int(10) UNSIGNED NOT NULL,
  `client_id` int(11) NOT NULL,
  `created_at` timestamp NULL DEFAULT NULL,
  `updated_at` timestamp NULL DEFAULT NULL
) ENGINE=InnoDB DEFAULT CHARSET=utf8mb4 COLLATE=utf8mb4_unicode_ci;

-- --------------------------------------------------------

--
-- Estructura de tabla para la tabla `oauth_refresh_tokens`
--

CREATE TABLE `oauth_refresh_tokens` (
  `id` varchar(100) COLLATE utf8mb4_unicode_ci NOT NULL,
  `access_token_id` varchar(100) COLLATE utf8mb4_unicode_ci NOT NULL,
  `revoked` tinyint(1) NOT NULL,
  `expires_at` datetime DEFAULT NULL
) ENGINE=InnoDB DEFAULT CHARSET=utf8mb4 COLLATE=utf8mb4_unicode_ci;

<<<<<<< HEAD
=======
--
-- Volcado de datos para la tabla `oauth_refresh_tokens`
--

INSERT INTO `oauth_refresh_tokens` (`id`, `access_token_id`, `revoked`, `expires_at`) VALUES
('024e4ecd0da1c69dd087537ef7efd0b5667b94e444c061bba196f79eeb97181cc1500088e387a9ec', '22250f31087e9fb239ce2a94447f52f022289f9ff1f94ea52186fd54c15db57430a079ff30bb79a3', 0, '2018-11-30 18:14:43'),
('0373db935d4e76df4f27c25921b7cf45e103ac9648921e434c506038d78c2162f1f9a5705296c020', 'f79e733d5b244c77f5108cd6c2a93b7250eb21fb593df8ac3cab6eb42f3c732d5562ab51c0aa2cca', 1, '2018-11-29 21:32:36'),
('03d02d8e26d6e6241eb3b99bf7a55af3ad03f30e4a3adf38c8e70fc0c81b1a75b3197e956735b0fb', '6f467c76fb132bb628e565ff1dd17fd093f8abb6e30fde683587b1b848a86f9dfa7feafda1b30b47', 0, '2018-11-30 19:20:11'),
('040c9c8adb0652fc07fd2ba9cb1f9ec3c2aa07b5db19b543b291922044165c5c3839af02a1dbafad', '4f4f4cd2b605780f4c1507af0ea031226abdeecd37db13612cc50672d3ac6766deb708158abff6c6', 0, '2018-11-30 20:58:36'),
('0632cfa286be01c3fee757389ef821a570514c896a4909f989992226dd803e9eb88955b5e53e24d1', 'ab6689ef0c771c447a0d1d26b773fec4bb99f6dadc4bf0411c902ddce092cc7b50aac23cafe6863e', 0, '2018-11-30 14:53:19'),
('07630aa0859a63e2e1208e3abad97729d12fbaa0c92cbb445771cf43bc4d87e1a4da2297e9cf05fb', 'fced3d5b6d483e619772aee1fc38c37cde93c53b572cf0487d3da7a06cda7770508b0473341a2d94', 0, '2018-11-30 21:19:26'),
('0d1c41143b36232bef00a2bea470a7f9f3ca89fd5e430f02870d17f5da3c247159082881f521558c', 'a5ad76150d1c70c9e91d2b5a1070c41774f0ed6bd334df85120822949180ed0b0590ea30c0c7774b', 0, '2018-11-30 21:21:02'),
('0e0eba6b1870de0d470cbc063c60037659cf44cd6cfbf3decae490d77a41a7358779607b67cc145c', 'fbe71ed77f6467aaccc81bf7de3d59169fbe1e434df2ec5f3abf0772835f9a0bccd6a1582d8a1261', 0, '2018-11-30 18:19:24'),
('0e91d9e9823318009dab2feeb0d362cc1626214c8f15781b1a5ce1eefef33998c51023c11dd4b9e4', 'd79d72b13f4f23f6fee951b107d183147f0b403d278cff4bbb5c7d89262f3f2a122edc47b8e80e6f', 0, '2018-11-30 21:58:21'),
('0f8e7c77dcbba88b7dd5cd769669a92e3fed4e66e7e721e065610968582e11be93d66ffa8130cc9c', '6f41acf45b8f67d319da173de2f13ae2d19e538effd4ab3b7df0c76f783f1fd80b9e60ccabd77fca', 0, '2018-11-30 21:29:32'),
('11985cff1a0c5e0c427bd8f9eb55c24ac03f874413bd23998e19e139f0d9110ec21df73b057538ba', 'ea8d3a3bfdb9797f1ad8117422a17c5db291b1439126491341c28237d39fc08cd2c51962f65d3b9a', 0, '2018-11-30 13:55:43'),
('11b7b33b1da35be661473c26e8af7ac87a575dc4b84aa7ed746f485f8a5952a324c45ed27b813aa3', '15287aa06fec271abaa183fe1de72060308571be1b4e9f14a45b86ee193f76af3c834afb049fa496', 0, '2018-11-30 19:22:41'),
('1317b2ca3a8937161949695e737910258316e2ab206f78a2c6d8fb9836b737fe9f6dd16273fa3666', '0f54e38edb18425011a68bf8fbaa3f0e88bf62148842e86cb6cd9376cdb4c8721a88d6e38f852b0e', 0, '2018-11-30 19:44:55'),
('15d68b847132b153a918aa18f9272c3260470bb037f577ca9e3cd5acd4ea9db77d6259a86dba8858', 'a229830fe90073bc59b97b706b16a8a96105954b43a947c086ec78e7b1b75f77015f962166644150', 0, '2018-11-30 15:07:09'),
('17a53ff01c9db8339bbb8e532b868eb3c021eb6f255a882b1d09a5311f3612fa6b7fd95005ce95fd', '9ddf350a22e92ff33631f371019cca5997086f3a9b2dc90ff7db60a02c0ea027dd58bf7c1e23d340', 0, '2018-11-30 21:56:35'),
('19444a4c63e1658ac1cbf8577148736fa0da11aa7e4d7e12f6c00a03d9ba71d3204e9b09f73fde60', '784d6b28dec719c4c3d87bc40bf269b65ee93dc4630601228155dc73fa0ac5ee2c9605fa9af923af', 0, '2018-11-30 14:14:06'),
('19972caa344a9a47771f316b427ce5f85193c9c65723bb4c9dfd6d17034cb728a6ee93a788eb69e9', '441bf939a8de0d94184f6841fcc83cb6232b5153325097a6f60833de69eb4e85a371d2e4f7faed7b', 1, '2018-11-30 15:06:43'),
('1cd5e126b39412ace07192c09a180c872868b054715ee257ef03223f923800f6717c23792dde303a', 'a7330bd1b3fe990aa6cece13a6730a23b58e8e4660cfb36bd4f94149d284a4611aa34f142d8fb05d', 0, '2018-11-30 18:03:46'),
('1d7a154af1933729b5eda8c4d7e683f42ad0af0bfef5c18d81c9e492fa2929ff4c0004cb3d666685', '3b9f61b03c99d40982917e01775de7654ded5191f213fa9c4af4ab04718291c5d3e735c45190cf50', 0, '2018-11-30 21:23:29'),
('1d87bbef0233747fe9f79d0c7dbd938644735c4577beb048c36eb9e16f3a4a5d8590f024b0256efc', '42d5eac43d39aa2a2ac8750057725518e7b1bdcdd612ce659696dfa4c6cf9bfe39343ed1e359cfc4', 0, '2018-11-30 14:37:21'),
('1e64b311e67ec7981b4325a0e33364b51ab750d9beaa7cc2c723a8962edc4ddce70b35dedfbdc4b2', '40a50e7ee173ab1e65f025708fe69c4034165fcc3f54bbaa9acbf0de7fa26b93f4c13c5357e47cea', 0, '2018-11-30 21:04:32'),
('22c0ff18ea53d5ddf954e13ec4bdb2f815c9b352573a68de9e3e1fd86bc19822dbd6a150458ac075', '4a2f6694efed11a7b18631dc98241e3084ad834f369147344b71d782b3f5fe99d7e37a09b748b257', 0, '2018-11-30 16:43:46'),
('22d58c50c52168ad225ff06f027c61cbc563a9a8ccd8ca8dff65469680a9d3dd2cd74708d7eb26f8', '0ade383e0f9301a1c37b74bed4a3a15e61924d269138ed26c3fc93dae75a11ae3500bcb3d32f7859', 0, '2018-11-30 21:14:18'),
('2381d280531c316b41f01e4b778bba6a8eff22ab295b3bd862fb9d5452b15692a2c3dc7c91681e0a', '8ebba5d52b3605fc4d4c013efd73c79f4dceb8e4c67d6b354b660728f7f1a911d81b0fff67ba0811', 0, '2018-11-30 19:28:18'),
('290bf040fe04eca978e0e916bd6ab064819e5de0e701ee3400d5e47fadf824adeb1e2df5d460df13', '8480faf247d58bfaa3f1113214addca40d9d884523ae89b263055a543ba6acbfe2b25a91999ba829', 0, '2018-11-30 19:16:15'),
('2b999d01cf8fb406fc6818d92611dadf478e74bf7f3fc679822ce1c231531e281e6a39cb90f7f91a', '2d3edde2589efb2d6ff979b863e3bbada7307b7a0aae5c13f93b2a108d3ed1a2b4f60d5cd7ecad66', 0, '2018-11-30 18:56:15'),
('2c6442a46f694d1f1718d691c93f7216cfa7aa6679c649fb8979d747243a477c4a0a8b50c5bf3f94', '8850a61d9c312cb456460c423f897f62b98cb90e76f7aa344d6c9e30fea7e4bda48f6e519214e218', 0, '2018-11-30 19:00:09'),
('2d0412d04b7b95d85e859de89f4f5a2d0b01254529315dc53f6e3b080935fe81d11e804fbe883ae3', 'cc459c6f3466f858740542f0633d8cf7fed754a84eb508863b68c3ebca0625835fbf6816ba0fec0b', 0, '2018-11-30 19:18:45'),
('310ab43dcb79053a5f2dcde274148328542d4e1c7c6e588d1669efefb5326229d1b5b08f0838d66d', '99f2dd3702ba6e59795cfcf077edcc6897f11f98a772892dba7534b89f6f98b99a831f70dcdfe896', 0, '2018-11-30 18:26:29'),
('3265cadab6bbb95db8f155889e3d6fe6c5a5757e23224003bc292105d8de74c31a2aa629247a0caa', 'ed692fa486dcedbce3002cc303a3a758f11662223d1d00823d4b0f52bd44577dafbb71a16b03d606', 0, '2018-11-30 21:43:51'),
('33098f484111116c586fda71b9258c519de0494456810f76d87602c28dbe29e43654898c07fabce2', 'fb40fc584ffa56f67b7e4a07fd6ce082e23da6c5d94139a0e03c9b2bd0e0a0550c2424d48632e2a8', 1, '2018-11-30 19:53:43'),
('3499198bdce2c6e91b3e9168986d66679710b9290b3502a7535aa82db27d7b81dc0cb3d8f4c4a235', '03878309e5dde574bf04eb1dc25e3b1bfb71528375caea92ba28ee338a2f0e88437a7dedf99b8517', 0, '2018-11-30 16:55:35'),
('380eea76903c112a82d507821ec7aff3620624d7cec53d820a8ea2e18e799422d7b345401b704106', '9ae79407a29fd295b76f90c7fddd7916ce6082ca468a74f68e959c7fe10f0ef231bf0b042c5a9c45', 0, '2018-11-30 16:55:00'),
('3824ac83e39d99024c07d83f9cebf9d239bbf295a12985e15c93cea40e76ca8a73181f60bd5ce6dc', '7fd593a595e05aa21773ddd5273c19a773317586e1907dd881dbfe861083ab142c95a0e34cdf5abf', 1, '2018-11-30 15:06:55'),
('4220bf1c30f5be716790d995515d0ec29936e493f8cc9b60ae06a7726a630a0e46a5e3a5af842acf', '200696b198c13e5625495bacdfe13ef88a47929ab853ddde7c4cd01ba420df935ba3b743222003d0', 0, '2018-11-30 19:23:14'),
('438399189d9d7a7132d83b8748e9af0b6123e0b38779ef22fa024a3edd669d342fe1cf82395bda5a', '4c99fd76f5aca51973828986e82f1ef42ed88f1cc26b559181d8aa09c4f3c8acf9c86357ad76475e', 0, '2018-11-30 14:01:34'),
('445813af12e9beff12e284aeaa462d6f5ff083d371c47e6484cdb6c163a9920604094927730b60d8', '0bdc401a8a2d32fba5aaa3f7f54c8d2b425eaa188a98493cdf7a3c64a6aa8fd935df956321b816a6', 0, '2018-11-30 18:37:51'),
('4591ff03e9af3c7669844625b7ba9b455064e9658a8712e706049b8c26003393230254e9e93847f2', '7264640ebcc9485f351122ff31fe8dda0efc6e3b0bbc8a3feb81fee0a2c7ea474e7dce7da4d035f2', 0, '2018-11-30 21:58:30'),
('495b5790cdf3a7e536912ae8eaad8735cb21b1ab898bf8a6bc01bd5402d57fbffa06a35eb41f4f43', '960d871a4a0704440f85447bd1b24f025158601c0d25ba398b14c3aae2c4fc5de941ed9418301d93', 0, '2018-11-30 18:12:14'),
('4a4235b64b33700f6a91273ddfc745f37953471d526fd820b27b9b26771fca4b0293e201450c6276', 'd382788acbe7f668838dcbadb144638532de4be4b60ebe49809c7728dcd859db0830cfded21bf3b4', 0, '2018-11-30 21:46:09'),
('4bca56079c5800b6f94a1616bfc050eed3d7061fe1ea26b04d0591a9cf2c61d3a874133fead5d84e', '07ba24b09430bcc5b1ac5fa0613ded4488a84fa799747a5fb9ef5356ef7b5e6d8bf1b1e087cb2b16', 0, '2018-11-30 21:00:36'),
('532aa58f3442b1086d5bd8eff644e5cf85d7f2defdc4546a141c5da4718eb16440cc496b88cc3b47', 'a34a67a1c38c0d9083fc7f77eeb5a60d10816020a370eb8cde7991e68601f29dc963a7e3b341440e', 0, '2018-11-30 21:57:38'),
('5487a349ccc0385dafed9496950ff83efda6d6b7ac5eac50247763ec57580717e4edb70bcc109551', '3f4cf2cee5a527c2faf548198c65d064665409f6c36d022251a32d1ac9044f643216a55f0facb1e6', 0, '2018-11-30 16:48:07'),
('583c0078edf0e72e837b3372ad09d044dc5885bb63224dc0892f1c198979b85f5cfb063dd3995393', '30a9e7a4dfb27260fa8e8bf65e3eb5270ce704bc0444361942074b7f1520d812e2efab453cc0bb4b', 0, '2018-11-30 19:22:05'),
('5af517aed32d5e6c68c9b54369f6d912ef5c58d557771c8f8be662f349561884a22221cda2325776', '0a67aeff4b62beea4a56686e13715d40ba4edd38c2d50a25be35341571610f27262d3084720daeaa', 0, '2018-11-30 14:36:41'),
('5c16308e60230bd6183496e38df893ac7bcb164fa19cdd52ca5abc31ef36dba1e257de781f84d240', 'b463a826ae963d59d9015726329f3b58697b2641cbc2f0435ab81631868a2ff8ec597704bdad2d2f', 0, '2018-11-30 19:00:17'),
('5c260f7890093e50c03ebe2865fbcf47747cdba47d42f5a373704ec395713e634d2d4ec97dfe66eb', 'f91b11d9ca5f395b3cf10a3ce701519110d2ec0474cf763ae735e9bc604cd1b647164f1c39aaa79a', 0, '2018-11-30 22:09:37'),
('5dd6451485e3838c7a585e0b8c76ca43e8630eeb8b37600c95a98b8f70af1a40fde921d903794046', 'dec8ac0f4370e75182287efb0a16d5af490a8234a2d9b68cd45ef284527c6dd232dc8252af227472', 0, '2018-11-30 18:15:54'),
('5ef9c142bb8115fdedaa8584546189cf2dea2f7e22ae1e548986bb7af4497e24b82a9ac3431c655e', '82530343c88fe1872e78f87ee7126bf890cc3af35bda28cfc315b9727b55c9599b18ee7b50c1f5bc', 0, '2018-11-30 19:37:17'),
('6293776c029846d744415b921a46678b08fcec810cbee650f91acf6a9f26e5a58f4775366f799326', 'a6e796d19414fa31482320d6464aba8f88c5d4e2148d0ebf9d17f54ed9668e02a7cfe0e9fd3b538d', 0, '2018-11-30 19:15:45'),
('646b3d048a50e3360093354d80716b33d5f68c95cb91d33c12286c5d8785832b0339a69acb264dab', '2f3e3da0807192deea4878488631bb58e86671e42041529643181c048c1fdf4c364ef78b6e7342b2', 0, '2018-11-30 19:44:39'),
('6761dafee33a651008ecc2f30a4ebab86896bc68ed8d4803ae668a137e83667f7878c917a42318cf', '198cbc3ac9ff3e3d0651baff53ff3819f523b1c9862570e18afa64248afb56a96fa9c0ca5ecce991', 0, '2018-11-30 19:02:57'),
('690ac2bc64c1772ba85a7be64c604049c858a50070527ebbbb800ca105a0b7a8aa0f8c73a6db0c32', '97d60bb62adbcd25df5ee29e048210cbee73396e6c1c34467394625acb78c3b0e80410497815e597', 1, '2018-11-30 15:06:05'),
('6b2d91db8a4bf205c398aa3b80ba2b9bb02cf7d74f4bd95900347d1b7959847fa4a42ca9406ef1a0', 'a6b5db9c1cb53172f167284be20efde95d80cf0452cf1b313067d308c12e6a73b8b2e0d2af56e74e', 0, '2018-11-30 18:13:07'),
('74a836a1fc1abf5f6ddf89fd5813263ffea119d75821ce5ba9d4c193f5e3f4dc91c23816e8d81523', '8a203382f5f123820d7b0891d20d042a085f876e924dc449a09c2aa1a01ddc7de58a9e2742d2e995', 0, '2018-11-30 20:57:15'),
('7cb50dd95972c31861c693641b8d12b672477ef52c1c5a669863d2b5e9ebca277a5d0dda8e9ff5dd', '5015d45b25965353881ebeb4177875720ecfd72b2fa76807d41b14308eed31d6d5f8077692de57ed', 0, '2018-11-30 18:12:48'),
('7ec788c2c54e7751f62eb625dbce7822228ede1cb47220cd365491b894cbc99d3813f5ed4334e747', '743d16773d4db16b6dd2224529f4668ccabbe5e0c937789a9a3ef8b8b6ab864956ed50068413c2fc', 0, '2018-11-30 16:52:48'),
('81000d01e404ccc12540c467715689ce5d32893054abd6528ff505873064e4a0cfd5fac7ca642332', '833f662e794b35c8513d94d83aeb06b871927b7987bc22420e4588ed6863552c746dc8b69fbabee8', 0, '2018-11-30 21:21:56'),
('81f7446943a9a9d052fc6cd4e4d1b3b0daab190b2c3f2b7b5edf050550dd019660e83a435c4c7f3e', 'edecf4a069d62eafe4af9b2908e46c99c0dd2115d2ad41d7c298ef0d7acdbcbdbaf2ec607f3e5d08', 0, '2018-11-30 19:01:00'),
('83711ec193d23d3fec112ba62aa5674635346747511e085880f7524b3ab181b86a5e1660ebaceb44', '2750a7e028b83bee6d4b68a80f30860bd0f41e7ba78ca13e1f6b2252908f7c433d8f46515e271f71', 0, '2018-11-30 19:25:33'),
('8643d7088fa38e8a723c9ee13dd414d9f5f5afa5fae63203fb10b69c00d3ef1924eacba7ecbeab95', 'f82645b32b7726e9de19bacc8eeabcbf0be1410e0efe94411a812ad20a189c3bce51dd7e2ad78e61', 0, '2018-11-30 19:26:35'),
('88792783790759dab86ba41ae7565c64685e8beb27e7f32c4c56f19abfa3f8a587cb7529f82a9f3c', '1064130d442666f0afb288e7e24b59f643fee7168794059220c1f760b1182391cbdefc926b8b2266', 1, '2018-11-30 14:53:43'),
('88d5bb720ba34505950c03dca6d746f714bcd8e31824e7f0a93517d44a9cc3cf13cb16e364c024f1', '65df415ab560082112cfdb149bb7d2b37623581cb9db96b34e1652be5c26d6dea2ffa6b8f0942960', 0, '2018-11-30 21:43:26'),
('898592cc26fd225dbbcadcb4c06291aa050f7b4e51991971a17d3f5b761089eaeeda728069b28614', 'd8a2146eafea545624b050b5c7e756d1fbc9a764014d36081d9d418d9b0dfdd191bab90f7bdf1ff3', 0, '2018-11-30 21:52:49'),
('8c504a42e29a86051094fc938f4c6e910b55e9e9d5b9c869883c0f278cfef672a4a3c68cb76ddf36', '5e728732502b5c35ff5168d134a0afaf5f3f721971b95275d7da76f0363028699b6e39dd83725ff3', 0, '2018-11-30 18:29:23'),
('8ca5c06a967e2d1dd8466276287f72ff6b3ad4f7aa7d23b046977708cf8d255d5bcb6c8fa87ed2a8', 'bec09fd4c4987e3ba9c22dc689e025f6ea59cd4b294f39d2beb8199758879e3f79a8c8bc962afdc0', 0, '2018-11-30 21:13:32'),
('8d22ed781ea54f0aea852fb79d0d5c98ea255d1ab7dd006239b7e0446c4d0acf78b27b9a4784bb78', '6ce204b51f5b6be13b4b1dc36f42624c67bd403907125fb72e9278431e3de70ff0da8f66fbcce88d', 0, '2018-11-30 21:10:32'),
('8ef32fdc967e0cbbd3963a1ce87b9a11f0d3569b9b80cfe7e01639816eeebb70a73aae9f0bd10e7c', '8270bd5524203ce8eaea90162f7e4d00f52101693ddda244f0d2a905b5e85a18edaf3d4fa0d57993', 0, '2018-11-30 19:15:30'),
('922b4aa6bbf306d82250abfaf6a53338c98465bbf262f7656a2eda644677f8af565d5932985d0cd9', 'f3dfebecdf9be962446e329b02b6c4042ce3909bea7b1416e326cc4e985ab9e8ce522a0b0efc009e', 0, '2018-11-30 22:09:37'),
('a4416edf3a01bb863195a33fa005eebed519e2deb036e865a8a074385875498ae8d2fec2979ce86d', '94a4f8127d338680c0d4431d5c6f767274ed25a5ecfc15b97138df33c277216cf2c6e7efe9602620', 0, '2018-11-30 20:46:50'),
('a95ad02ce1f8c56275af10e08169e88aaaf0ea05ea9fa63052ca8d7e79069b62aa4f2e7fe09a6237', 'af595101d77c6d554f17dd981e664e8b096505d9f8b2779c9d5c4c8b189526808f04ce0f26cba26b', 0, '2018-11-30 18:07:07'),
('ae1d336656de5fd6bc4f5c051d443bae93a7088b6ac224ff19f70e1e2d2fc38fbcb8e245139de24b', 'd5b5b305105fb56da3bed675ca6b389e8fd4e718a867cfb2152f986490a5dd9284d5e3b44285839b', 0, '2018-11-30 19:36:59'),
('b5cf45f6dff945acf7ed103d83cbff26e846fa4fe8710ce2479bb7e6a63debe6827e86256c0056b4', '4d0128f7f81c96d6647ad7b460635ef9ae108e94487c1af46c1a751c1439c6da833ca88058fe6058', 0, '2018-11-30 14:10:27'),
('b6d920e353a7e1c4031611dce062161c7353e88174a2a6d70afa04ee75ce6c72e2f6586cece9d47e', 'dddc0c97bf9954236dd57cba9a8548412b9b9f4a541ae31b300cdc45fdd61f9434a4ffe7ffe118de', 0, '2018-11-30 19:40:47'),
('ba51b4e6025165cc76945b8c9edcc7a89f3fb739556974a79a686715b23136b0276a583de6bd40f9', '5b67e9d219df337c5fc68c7c4c7ef84ef596280a72890366fd0530f2594d6433c12445216c822231', 0, '2018-11-30 14:39:35'),
('bb1b9fd0d552cea5004f3283599cf49e232de7a1cb6a3207e38b78c3cd33878dc12a1272afbb6cf8', '608f6acf9d7a71f5f785e75d662c31751923c051bd1c4aa720a5142507a1ad6585e639fdfbddb8a2', 0, '2018-11-30 14:03:05'),
('bf4a22da7884598d86cbcffc0bcd5cedff66638043ef0cdac130c53d9113cd3b8000e4cdb5d97025', '0fc1cc77fc6acc97404530ef9b8db579a5f4e95167a368a9507137d0450a6ce05924955ab84fed1a', 0, '2018-11-30 20:16:18'),
('c25a1ee0137fcd58bdb3658f99b8d87b7fe6f26622e8543d09b0c70c810a874860650dac2972397f', '546640869e89ddf323fac4526bb6d039f7ee72ab7161cba965bdc533588c3d0784915c1367220ce9', 0, '2018-11-30 14:54:08'),
('c2a14281d8ed7a56800049eff0c504da26358aaa880252e264a2effc3fa78a25487e14984f532919', 'f2eaffea8d2220f6e64e2973d372f80f131bcf360e9edf61e32f970ae3f7e0025680ec9b368504ef', 0, '2018-11-30 18:16:16'),
('c4ee0273100c94f1527424a65930d5e1c908b20b16692997b9ff98b611477e21121e70c838fbb719', 'edf631bf5f6af98705e3130ef02bc8b1edc7baa64783c2cc9382d5aff03b4c41ec3037df9af91925', 0, '2018-11-30 19:36:59'),
('c52979f5fc3bcbab166f520ba0da94c0b1d5b31318e23490316c1b7b047c5ddb7271ba5efc9dbec1', '18f70a2b0d53664e1bd0fe5ac9ea847afa6b7448d1f5de2b640161945a88fa6f5ade3146fbb5d40e', 0, '2018-11-30 20:23:45'),
('c6b04a44d4dc391f026d2cb31b30c2184d5215a1e66a14e453af8e300927bf657e31c2498101ad4b', '19313debde21fbd7eb44969654977006942d0dca7cd59949c5a6bf98d293dc287211363282cfa223', 0, '2018-11-30 19:22:04'),
('c7014fdd354aaeb92b560ac93e5c84eaef9c3eb9d15d57e88e062a9fa4b36831008e57f433e98a2a', '071c747afe8af9c5db0e53421daad11e23fd1da93beed801cb3d4425b8550682545333e7db183cac', 0, '2018-11-30 18:07:51'),
('c947e3c4646bb97357280b156a97497a30182ccdbe5d98eaf3ef6980d96d6356f0964d7524f44c42', '19bf31cc57683798c169cc0a689ae3333f1029a7d3524e98ed89dbd9c9f3f4cc4c11e9ad578f5d3b', 0, '2018-11-30 20:40:50'),
('ccd89fe37071c97d0e3a7b37ff0cf6cc23e501c5401b2ca60c3b89beaddcb90646d38c58b89d8c95', '687e6173befe72309d5cd2f3ac716fc077a389421196b9134392c084babe6bd258ef02dd0fbe3f11', 0, '2018-11-30 19:26:30'),
('cdbf89a5b63a874d552c5f994338e8bcb934e3ff814a5d3b52c8f47bf3635d3fa70883bb2c01fb3e', '07ab2b46e6809e0e83ac7c9a37ede9ad68cff3810d1d6cc89fb3925a1b9906013138594e4ecd364b', 0, '2018-11-30 19:27:23'),
('d2e5370188525babe63c6a884db64ca94cf493f368a5f7e89e7b7bed889c1bccca1b4659edfacd95', '87665554b21687f2918658dfd94b4927a4cea790cc1818f571e71a4c2b14da3a4aad2fda23c34de2', 0, '2018-11-30 21:30:12'),
('d3cd647bdebbf382bf15647bd52c20d9c3c995509d31755017f1199a222f91f6fb8445f87020c655', '0d47079a1464aa601b22497bf954053b9793236027117696a4016a992e6d73a6de34cb02daa4821b', 0, '2018-11-30 19:34:58'),
('d5594a3a2dfd0624db65988e33cc1c9897b4627f262953d763821ce00e5a4cbb7274f25183332e77', '19ce6b95b7fc007e1f0989178446f88774f21956e9dc8befe232a462f01de53b7e02e497ab628a16', 0, '2018-11-30 15:06:25'),
('d5d981b4ef42160e3673c40fb325b642e4e467ee861a6f0a22dea757e905297448eae3eaa4c0319a', '8656ee16219ca178d8fd0ac7651ba4c484b05abfeac78f754492f41cf9047a923e55681aa06206a0', 0, '2018-11-30 18:08:17'),
('d910debe960866d69b4a6c46d9031900324b13def4d10054c65e2e1befb8b7a7d4a3bde0ba670dbc', '43cca2906c550305c428340799b238c697d8672b2394274e72915a65adfe516d9dc238cdcabe73c9', 0, '2018-11-30 19:06:18'),
('d912515d3c87da546497f16ceb340e9ce0b677377e7924249b96c15eeec57c11622d35a8ec5c4aa6', '8f5ebe98d87aed40b321485fa62c426cd4f1c994c187fe6d5b2a42740a1ae7e92c8d832a9b6577eb', 0, '2018-11-30 18:56:13'),
('dc8dd0f007d5636e08379c1a01f79be2ae56d89b2bd964d1078cf2682ab812ae50050c50fae4ad11', '1af3e01419afdbe551c9928667e2c44705e3e10cd0d0d86d4e40547824fb6ce6c03afb5a86d94884', 0, '2018-11-30 20:46:24'),
('dd07bb9c47a12a55c4c73407ac58f19a5904ab38783fd70220fb7e447083e458e62d84b58c8ece25', '58bb54b1d0d4ad4a9c14ca412d47c044ac25dba0cc53b349fa0872953e3d2404d73d07dac225bcb3', 0, '2018-11-30 21:46:46'),
('e2622c3cece2ea6f2fa354584417c317e46f18445f0374ee5d9203b366752ae22403658255c239c0', '3eef9b4a617e477f8460815af4033c06b0e63e23fa8ee5577a34a3061a5392190ded56953bb65f7f', 0, '2018-11-30 19:14:33'),
('e42830f11cc3fa2d11c7190a9c89c90c38cc980d97958590e2ccf527f823d1dd7b6075efb69ec269', '63275cb8547d41cddbc44f8d145a0ca22844d739524f76b9144f82432f9f5e03ebab608e501a1aa3', 0, '2018-11-30 14:03:49'),
('e596fa60074067366b6b3379536769ac347cd79b892ffdf53dedc2655bacb548a8804cdbb1fa3f48', '2e37c6b7d3197984e3480dfa63b8933a97711d3f386c0c0f379cbf084380b5fe976faa1f7dd16d4f', 0, '2018-11-30 18:35:23'),
('e5e7dfec06c6645bcce119b8a50c046bad2fdad954459afab0968963e1133ba8ab35280b46cff03f', 'ad7db4fc408592db986622a423fb11734bd47509969c723f13bb9b6c0704d9e9321a462cb969f569', 0, '2018-11-30 21:13:48'),
('e62391177982a77f7e234fae497a94610fb97b1beb30e3ed8b862f3566510ac0a1474ecdabd39f13', 'dc2b8191b69cd48a3f3c19c5dff39e72bce02a9abd85383e9a98eae44bd2b4a1e4e424436145130c', 0, '2018-11-30 21:57:27'),
('e6e1cd3b4f28376c2df2870b38a68e7e4983702c79178337564d3e37287758ed5ef2dbc334c4372a', 'b933f2e1576f4b2e47999c7d8f8a48442b9959fd344b368c251035e5f5e392d923da23da2a149fe6', 0, '2018-11-30 20:16:31'),
('e71855362ad624b37531aa3f6b59c09ac0111bb0f49250eca84a8d716d26e72f84c44d38961e5212', '4704e7b465e3051494aac8ef9e62844924fbdb2a804e88f53935c0d5ef96f3f0e8cebb619fd198f0', 0, '2018-11-30 21:13:08'),
('e76678626aca4f37cfd176b7e434057f63aaf844a2763be7abfe6c32cbd8fc9c8743909c32986b91', '80b652e048e05cef72c409d43508305615e617698fef18176f78df1dd12891480d609b37982d981d', 0, '2018-11-30 21:57:49'),
('e858a7175ad70c215ed87cb9cf559f4e378b490989c08c2a732d6001629ff1efb1cfa051abf0882a', 'f7b179e00ec59d897929acb9ecc31a81dd2671df4cf8096aa966a34a3af314dbb102ac2294391423', 0, '2018-11-30 19:28:58'),
('e8862833dce88aed146b3105fcbdf87ecfa131356d6d584b11a3224fc5c0efab64003b0ecb7a6db0', 'fac6ef950a27132127959d3361d0935104f2e86ea0011586b34b6502b8fb27bb81a6ab0b28e10a69', 0, '2018-11-30 21:45:12'),
('eac236e89808b59be380708e89f86604b7505eb2c7fd50ee236544f49a4389400d8b407628da9624', 'dc55ee4820b4c4bc1c00edca4ab4e5301aed4fd0fac87490fc10f874e32d7881f8a5d4bfbaa9950c', 0, '2018-11-30 14:08:35'),
('eadcecc5586be469c2f8d07d6dcfed6b093be30673eea0071ed85c61c5bd4484fd26ee7369f1a5ce', 'd01a48b131b91cdcf77e5ce984ead6c42eb55c199236487f58ea36a4ed2d963b0d4332e47311458e', 0, '2018-11-30 18:34:28'),
('ebfe390bba5cc484ec99ae8cff6ca4407c53886d70ea03c275798a621ef6962a319b48c96158a9b8', '4cde6414a3c482d13a7bea8d11d10292bef7bebd96162b78cc207696ac7dfc1191f113d524919101', 0, '2018-11-30 19:43:24'),
('f30339c682b4fd111e0200d01f26b033e83e86abe446e36a3d9a2c99b14c21b514d6971a150e580f', '6d0a3ccbe788256e46816649e1c58e9c55771e11100b3b3e54f67e420f8202d037c3502cfa42ee26', 0, '2018-11-30 19:24:03'),
('f57b7c003b6ef5a82c134d52bca1227eb61b9a68ccf4a69a472bac0737743f1dd33ab110ceabba20', '5e793db0ff910d26450dcd589f17e834ed88bede785bd999762abed80c521eee346783d54f87c368', 0, '2018-11-30 18:41:11'),
('f62f688aedef8622e9468c62cfe5e878ab022962bf188b58f40495e6adaa655ba8e8b08c8199ba7f', 'c970569a6c10aac48068e59e39ae4c6072456602be2092132a22910e369aebd0ed59d167acf3783f', 0, '2018-11-30 21:52:29'),
('f75888d72094e66c2a71ba012ca33be2911fa93e50ff392151bfa66f92739bd482f8afc3d8ff2125', 'e57c9f1e622381cf11de237f5f62a9ee9a9222bad516ec83a2a38d99ebe4f71259a452128946d54e', 0, '2018-11-30 19:14:24'),
('f763b61e7f3a1416e44e6e0ba99377fc20368cc208a6cf5ea79c5a638ac5a2cebb5d80e65d910f6d', 'fc7093d3ec6c0c3875bafc4e0afd0f86dc43f83ad663ae2707b4d4af40de5588a70a41e06f2e6579', 0, '2018-11-30 14:08:48'),
('f7ecc31a54699db5bc4630973cf6658564568a2ca5e5a74d9dfc896078ccc6cf313efc826fd4d03c', '61df22421ae982c3180d307f7caa69d73d24b9179f53cca6d1fa68a474ce6fd9be2a51a0fabef07c', 0, '2018-11-30 19:44:35'),
('f84f763c354c4269ab5a2cc0b1bc0fc3c77c8f235b71ea25f817203737ffc956d1792ff5cdd96797', '9cfbe548115fa9abc87dcff242d8db6de47ef113b76bf2ab0638819c53582ebfad07f92cb06bb2b4', 1, '2018-11-30 14:41:31'),
('fa1b03d686611e143c91216618ac2ce7e252d1db381f7202cadab300905d8a4a76eb99674721d478', '4b5cdd1b78a25a8b3d3e4aad00b41ce5d64872b496e99c3c9abc212e724f8d336ced29cdf2247939', 0, '2018-11-30 21:55:06'),
('fcf33a51d05526cadca33ebe1599f8e86235b076a12952cfb8acf7493305e4665f01fa37cf6bd08a', 'aa199415da683ed1afc4b84a3cad3d01504ce04cc5915437618aba2b4cedc6b057711e7a58742eca', 0, '2018-11-30 21:47:02'),
('ff1d2acb989d45587b5d19beffdd00f1537e3f7d702c16ae1e71ade24afc0a57ac6efcda1d3e3b8f', '09606aa59c43f1f5e8f868d1aa7ecfc7e0aba420af18b6f340e43516971e7f970910b147c8910cf9', 0, '2018-11-30 14:08:15'),
('ff45e445a26f50e8b2d6032a0f29c4d7a60f491678b5b6dca1dc127734d2dfd16a5937507c637866', '34e69dab2ccf33820e4df65f91488f113508e9e66350f5a6ca97939c399f0aa569d9642653d1d36f', 0, '2018-11-30 14:10:09'),
('ff4fe3f89aa8a11c05090dbeb40203d98de2d002f81887140439c932454b2d1171a6ddb1d1445f17', 'c34d287fd6c7214af91c83227f1c720546c9ac70d69294ff455eef36df9b6f02e3e08f18747a2b5f', 0, '2018-11-30 18:30:25');

>>>>>>> ronaldo
-- --------------------------------------------------------

--
-- Estructura de tabla para la tabla `password_resets`
--

CREATE TABLE `password_resets` (
  `email` varchar(191) COLLATE utf8mb4_unicode_ci NOT NULL,
  `token` varchar(191) COLLATE utf8mb4_unicode_ci NOT NULL,
  `created_at` timestamp NULL DEFAULT NULL
) ENGINE=InnoDB DEFAULT CHARSET=utf8mb4 COLLATE=utf8mb4_unicode_ci;

-- --------------------------------------------------------

--
-- Estructura de tabla para la tabla `permisos`
--

CREATE TABLE `permisos` (
  `id_permiso` int(11) NOT NULL,
  `vista` varchar(100) COLLATE utf8mb4_unicode_ci NOT NULL,
  `descripcion_permiso` varchar(100) COLLATE utf8mb4_unicode_ci NOT NULL
) ENGINE=InnoDB DEFAULT CHARSET=utf8mb4 COLLATE=utf8mb4_unicode_ci;

-- --------------------------------------------------------

--
-- Estructura de tabla para la tabla `posts`
--

CREATE TABLE `posts` (
  `id` int(10) UNSIGNED NOT NULL,
  `title` varchar(191) COLLATE utf8mb4_unicode_ci NOT NULL,
  `body` text COLLATE utf8mb4_unicode_ci NOT NULL,
  `user_id` int(10) UNSIGNED NOT NULL,
  `created_at` timestamp NULL DEFAULT NULL,
  `updated_at` timestamp NULL DEFAULT NULL
) ENGINE=InnoDB DEFAULT CHARSET=utf8mb4 COLLATE=utf8mb4_unicode_ci;

--
-- Volcado de datos para la tabla `posts`
--

INSERT INTO `posts` (`id`, `title`, `body`, `user_id`, `created_at`, `updated_at`) VALUES
(1, 'Erick', 'PorFavor Ponte las pilas', 4, '2018-10-31 05:00:00', '2018-10-31 05:00:00');

-- --------------------------------------------------------

--
-- Estructura de tabla para la tabla `region`
--

CREATE TABLE `region` (
  `id_region` int(11) NOT NULL,
  `id_cordinador` int(11) NOT NULL,
  `nombre` varchar(50) COLLATE utf8mb4_unicode_ci NOT NULL,
  `descripcion` varchar(124) COLLATE utf8mb4_unicode_ci NOT NULL
) ENGINE=InnoDB DEFAULT CHARSET=utf8mb4 COLLATE=utf8mb4_unicode_ci;

-- --------------------------------------------------------

--
-- Estructura de tabla para la tabla `region`
--

<<<<<<< HEAD
CREATE TABLE `region` (
  `id_region` int(11) NOT NULL,
  `id_cordinador` int(11) NOT NULL,
  `nombre` varchar(50) COLLATE utf8mb4_unicode_ci NOT NULL,
  `descripcion` varchar(124) COLLATE utf8mb4_unicode_ci NOT NULL
) ENGINE=InnoDB DEFAULT CHARSET=utf8mb4 COLLATE=utf8mb4_unicode_ci;

-- --------------------------------------------------------

--
-- Estructura de tabla para la tabla `roles`
--

CREATE TABLE `roles` (
  `id_roles` int(11) NOT NULL,
  `nombre_rol` varchar(50) COLLATE utf8mb4_unicode_ci NOT NULL,
  `descripcion` text COLLATE utf8mb4_unicode_ci NOT NULL
) ENGINE=InnoDB DEFAULT CHARSET=utf8mb4 COLLATE=utf8mb4_unicode_ci;

-- --------------------------------------------------------

--
-- Estructura de tabla para la tabla `sucursales`
--

CREATE TABLE `sucursales` (
  `id_suscursal` int(11) NOT NULL,
  `cod_sucursal` varchar(10) COLLATE utf8mb4_unicode_ci NOT NULL,
  `nombre` varchar(50) COLLATE utf8mb4_unicode_ci NOT NULL,
  `direccion` decimal(50,0) NOT NULL,
  `longitud` decimal(50,0) NOT NULL,
  `latitud` varchar(50) COLLATE utf8mb4_unicode_ci NOT NULL,
  `id_tipo_cadena` int(11) NOT NULL,
  `id_tipo_poblacion` int(11) NOT NULL,
  `id_zona` int(11) NOT NULL
) ENGINE=InnoDB DEFAULT CHARSET=utf8mb4 COLLATE=utf8mb4_unicode_ci;

=======
CREATE TABLE `roles` (
  `id_roles` int(11) NOT NULL,
  `nombre_rol` varchar(50) COLLATE utf8mb4_unicode_ci NOT NULL,
  `descripcion` text COLLATE utf8mb4_unicode_ci NOT NULL
) ENGINE=InnoDB DEFAULT CHARSET=utf8mb4 COLLATE=utf8mb4_unicode_ci;

--
-- Volcado de datos para la tabla `roles`
--

INSERT INTO `roles` (`id_roles`, `nombre_rol`, `descripcion`) VALUES
(1, 'Supervisor', 'ROL DE SUPERVISION DE PUNTOS DE VENTA'),
(2, 'Administrador', 'Administrador total del sistema');

-- --------------------------------------------------------

--
-- Estructura de tabla para la tabla `sucursales`
--

CREATE TABLE `sucursales` (
  `id_suscursal` int(11) NOT NULL,
  `cod_sucursal` varchar(10) COLLATE utf8mb4_unicode_ci NOT NULL,
  `nombre` varchar(50) COLLATE utf8mb4_unicode_ci NOT NULL,
  `direccion` decimal(50,0) NOT NULL,
  `longitud` decimal(50,0) NOT NULL,
  `latitud` varchar(50) COLLATE utf8mb4_unicode_ci NOT NULL,
  `id_tipo_cadena` int(11) NOT NULL,
  `id_tipo_poblacion` int(11) NOT NULL,
  `id_zona` int(11) NOT NULL
) ENGINE=InnoDB DEFAULT CHARSET=utf8mb4 COLLATE=utf8mb4_unicode_ci;

>>>>>>> ronaldo
-- --------------------------------------------------------

--
-- Estructura de tabla para la tabla `users`
--

CREATE TABLE `users` (
  `id` int(10) UNSIGNED NOT NULL,
  `name` varchar(191) COLLATE utf8mb4_unicode_ci NOT NULL,
  `email` varchar(191) COLLATE utf8mb4_unicode_ci NOT NULL,
  `email_verified_at` timestamp NULL DEFAULT NULL,
  `password` varchar(191) COLLATE utf8mb4_unicode_ci NOT NULL,
  `remember_token` varchar(100) COLLATE utf8mb4_unicode_ci DEFAULT NULL,
  `created_at` timestamp NULL DEFAULT NULL,
  `updated_at` timestamp NULL DEFAULT NULL
) ENGINE=InnoDB DEFAULT CHARSET=utf8mb4 COLLATE=utf8mb4_unicode_ci;

--
-- Volcado de datos para la tabla `users`
--

INSERT INTO `users` (`id`, `name`, `email`, `email_verified_at`, `password`, `remember_token`, `created_at`, `updated_at`) VALUES
<<<<<<< HEAD
(1, 'jeann', 'asdasd@gmail.com', NULL, '$2y$10$ERNg2qfaJdMKF8NOE3c08Ozl0pObpDPrrGzzwdYBqr3OcWKxsJkWO', NULL, '2018-10-31 01:31:30', '2018-10-31 01:31:30'),
(2, 'faby', 'is@ggm.com', NULL, '$2y$10$ej0dPMbCvPJDM0lc70GSHeLZ2WhqMhds.eOLI7wluFchG2yvmySvK', NULL, '2018-10-31 01:36:16', '2018-10-31 01:36:16'),
(3, 'jeannuel', 'jjeasdada@gmail.com', NULL, '$2y$10$YDNrirf559cKUPu0oUum/eOl6OySBANoI5PwXVqviyWv1WuqafzjK', NULL, '2018-10-31 01:38:52', '2018-10-31 01:38:52');
=======
(1, 'jeann', 'pruebas@gmail.com', NULL, '$2y$10$tvRBgnPUbkXLMG.DquwlO.JCoeKFNlWTsB6mVOP5tgq1hMckCBWGW', NULL, '2018-10-31 01:31:30', '2018-10-31 01:31:30'),
(2, 'faby', 'is@ggm.com', NULL, '$2y$10$ej0dPMbCvPJDM0lc70GSHeLZ2WhqMhds.eOLI7wluFchG2yvmySvK', NULL, '2018-10-31 01:36:16', '2018-10-31 01:36:16'),
(3, 'jeannuel', 'jjeasdada@gmail.com', NULL, '$2y$10$YDNrirf559cKUPu0oUum/eOl6OySBANoI5PwXVqviyWv1WuqafzjK', NULL, '2018-10-31 01:38:52', '2018-10-31 01:38:52'),
(4, 'Ronaldo', 'ronaldodo@mail.com', NULL, '$2y$10$u4CCshmLkKB8Ij1S5p61ceI9f1RwtteyGAKSaI3J1mOcun4qwG81W', NULL, '2018-10-31 02:29:48', '2018-10-31 02:29:48'),
(5, 'faby', 'ffreytte@gmail.com', NULL, '$2y$10$tvRBgnPUbkXLMG.DquwlO.JCoeKFNlWTsB6mVOP5tgq1hMckCBWGW', NULL, '2018-10-31 20:48:04', '2018-10-31 20:48:04');
>>>>>>> ronaldo

-- --------------------------------------------------------

--
-- Estructura de tabla para la tabla `usuario`
--

CREATE TABLE `usuario` (
  `id_usuario` int(11) NOT NULL,
  `nombre` varchar(50) COLLATE utf8mb4_unicode_ci NOT NULL,
  `apellido` varchar(50) COLLATE utf8mb4_unicode_ci NOT NULL,
  `cedula` int(11) NOT NULL,
  `correo` varchar(50) COLLATE utf8mb4_unicode_ci NOT NULL,
  `password` varchar(50) COLLATE utf8mb4_unicode_ci NOT NULL,
  `telefono` int(11) NOT NULL
) ENGINE=InnoDB DEFAULT CHARSET=utf8mb4 COLLATE=utf8mb4_unicode_ci;

<<<<<<< HEAD
=======
--
-- Volcado de datos para la tabla `usuario`
--

INSERT INTO `usuario` (`id_usuario`, `nombre`, `apellido`, `cedula`, `correo`, `password`, `telefono`) VALUES
(1, 'Ronaldo', 'fr', 1148855, 'ronaldodo@mail.com', '123456789', 852963),
(2, 'jeann', 'nuel', 8522, 'pruebas@gmail.com', 'kjsjfdj', 999);

>>>>>>> ronaldo
-- --------------------------------------------------------

--
-- Estructura de tabla para la tabla `usuarios_roles`
--

CREATE TABLE `usuarios_roles` (
  `id_usuario_roles` int(11) NOT NULL,
  `id_rol` int(11) NOT NULL,
  `id_usuario` int(11) NOT NULL,
  `estado` int(11) NOT NULL
) ENGINE=InnoDB DEFAULT CHARSET=utf8mb4 COLLATE=utf8mb4_unicode_ci;

<<<<<<< HEAD
=======
--
-- Volcado de datos para la tabla `usuarios_roles`
--

INSERT INTO `usuarios_roles` (`id_usuario_roles`, `id_rol`, `id_usuario`, `estado`) VALUES
(11, 1, 1, 0),
(12, 2, 2, 0);

>>>>>>> ronaldo
-- --------------------------------------------------------

--
-- Estructura de tabla para la tabla `zona`
--

CREATE TABLE `zona` (
  `id_zona` int(11) NOT NULL,
  `descripcion_zona` varchar(10) COLLATE utf8mb4_unicode_ci NOT NULL,
  `id_region` int(11) NOT NULL,
  `id_usuario_roles` int(11) NOT NULL
) ENGINE=InnoDB DEFAULT CHARSET=utf8mb4 COLLATE=utf8mb4_unicode_ci;

--
-- ndices para tablas volcadas
--

--
-- Indices de la tabla `asigancion_permiso`
--
ALTER TABLE `asigancion_permiso`
  ADD PRIMARY KEY (`id_asiganacionP`),
  ADD KEY `id_roles` (`id_roles`),
  ADD KEY `id_permiso` (`id_permiso`);

--
-- Indices de la tabla `coordinadores`
--
ALTER TABLE `coordinadores`
  ADD PRIMARY KEY (`id_cordinador`),
  ADD UNIQUE KEY `cedula` (`cedula`);

--
-- Indices de la tabla `cordinadores_permiso`
--
ALTER TABLE `cordinadores_permiso`
  ADD PRIMARY KEY (`id_cordinador_permiso`),
  ADD KEY `id_cordinadores` (`id_cordinadores`),
  ADD KEY `id_permisos` (`id_permisos`);

--
-- Indices de la tabla `migrations`
--
ALTER TABLE `migrations`
  ADD PRIMARY KEY (`id`);

--
-- Indices de la tabla `oauth_access_tokens`
--
ALTER TABLE `oauth_access_tokens`
  ADD PRIMARY KEY (`id`),
  ADD KEY `oauth_access_tokens_user_id_index` (`user_id`);

--
-- Indices de la tabla `oauth_auth_codes`
--
ALTER TABLE `oauth_auth_codes`
  ADD PRIMARY KEY (`id`);

--
-- Indices de la tabla `oauth_clients`
--
ALTER TABLE `oauth_clients`
  ADD PRIMARY KEY (`id`),
  ADD KEY `oauth_clients_user_id_index` (`user_id`);

--
-- Indices de la tabla `oauth_personal_access_clients`
--
ALTER TABLE `oauth_personal_access_clients`
  ADD PRIMARY KEY (`id`),
  ADD KEY `oauth_personal_access_clients_client_id_index` (`client_id`);

--
-- Indices de la tabla `oauth_refresh_tokens`
--
ALTER TABLE `oauth_refresh_tokens`
  ADD PRIMARY KEY (`id`),
  ADD KEY `oauth_refresh_tokens_access_token_id_index` (`access_token_id`);

--
-- Indices de la tabla `password_resets`
--
ALTER TABLE `password_resets`
  ADD KEY `password_resets_email_index` (`email`);

--
-- Indices de la tabla `permisos`
--
ALTER TABLE `permisos`
  ADD PRIMARY KEY (`id_permiso`);

--
-- Indices de la tabla `posts`
--
ALTER TABLE `posts`
  ADD PRIMARY KEY (`id`),
  ADD KEY `posts_user_id_foreign` (`user_id`);

--
-- Indices de la tabla `region`
--
ALTER TABLE `region`
  ADD PRIMARY KEY (`id_region`),
  ADD KEY `id_cordinador` (`id_cordinador`);

--
-- Indices de la tabla `roles`
--
ALTER TABLE `roles`
  ADD PRIMARY KEY (`id_roles`);

--
-- Indices de la tabla `sucursales`
--
ALTER TABLE `sucursales`
  ADD PRIMARY KEY (`id_suscursal`),
  ADD KEY `id_tipo_cadena` (`id_tipo_cadena`),
  ADD KEY `id_tipo_poblacion` (`id_tipo_poblacion`),
  ADD KEY `id_zona` (`id_zona`);

--
-- Indices de la tabla `users`
--
ALTER TABLE `users`
  ADD PRIMARY KEY (`id`),
  ADD UNIQUE KEY `users_email_unique` (`email`);

--
-- Indices de la tabla `usuario`
--
ALTER TABLE `usuario`
  ADD PRIMARY KEY (`id_usuario`),
  ADD UNIQUE KEY `cedula` (`cedula`),
  ADD UNIQUE KEY `correo` (`correo`);

--
-- Indices de la tabla `usuarios_roles`
--
ALTER TABLE `usuarios_roles`
  ADD PRIMARY KEY (`id_usuario_roles`),
  ADD KEY `id_rol` (`id_rol`),
  ADD KEY `id_usuario` (`id_usuario`);

--
-- Indices de la tabla `zona`
--
ALTER TABLE `zona`
  ADD PRIMARY KEY (`id_zona`),
  ADD KEY `id_region` (`id_region`),
  ADD KEY `id_usuario_roles` (`id_usuario_roles`);

--
-- AUTO_INCREMENT de las tablas volcadas
--

--
-- AUTO_INCREMENT de la tabla `asigancion_permiso`
--
ALTER TABLE `asigancion_permiso`
  MODIFY `id_asiganacionP` int(11) NOT NULL AUTO_INCREMENT;

--
-- AUTO_INCREMENT de la tabla `coordinadores`
--
ALTER TABLE `coordinadores`
<<<<<<< HEAD
  MODIFY `id_cordinador` int(11) NOT NULL AUTO_INCREMENT;
=======
  MODIFY `id_cordinador` int(11) NOT NULL AUTO_INCREMENT, AUTO_INCREMENT=2;
>>>>>>> ronaldo

--
-- AUTO_INCREMENT de la tabla `cordinadores_permiso`
--
ALTER TABLE `cordinadores_permiso`
  MODIFY `id_cordinador_permiso` int(11) NOT NULL AUTO_INCREMENT;

--
-- AUTO_INCREMENT de la tabla `migrations`
--
ALTER TABLE `migrations`
  MODIFY `id` int(10) UNSIGNED NOT NULL AUTO_INCREMENT, AUTO_INCREMENT=9;

--
-- AUTO_INCREMENT de la tabla `oauth_clients`
--
ALTER TABLE `oauth_clients`
  MODIFY `id` int(10) UNSIGNED NOT NULL AUTO_INCREMENT, AUTO_INCREMENT=3;

--
-- AUTO_INCREMENT de la tabla `oauth_personal_access_clients`
--
ALTER TABLE `oauth_personal_access_clients`
  MODIFY `id` int(10) UNSIGNED NOT NULL AUTO_INCREMENT;

--
-- AUTO_INCREMENT de la tabla `permisos`
--
ALTER TABLE `permisos`
  MODIFY `id_permiso` int(11) NOT NULL AUTO_INCREMENT;

--
-- AUTO_INCREMENT de la tabla `posts`
--
ALTER TABLE `posts`
  MODIFY `id` int(10) UNSIGNED NOT NULL AUTO_INCREMENT, AUTO_INCREMENT=2;

--
-- AUTO_INCREMENT de la tabla `region`
--
ALTER TABLE `region`
  MODIFY `id_region` int(11) NOT NULL AUTO_INCREMENT;

--
-- AUTO_INCREMENT de la tabla `region`
--
ALTER TABLE `region`
  MODIFY `id_region` int(11) NOT NULL AUTO_INCREMENT;

--
-- AUTO_INCREMENT de la tabla `roles`
--
ALTER TABLE `roles`
<<<<<<< HEAD
  MODIFY `id_roles` int(11) NOT NULL AUTO_INCREMENT;
=======
  MODIFY `id_roles` int(11) NOT NULL AUTO_INCREMENT, AUTO_INCREMENT=3;
>>>>>>> ronaldo

--
-- AUTO_INCREMENT de la tabla `sucursales`
--
ALTER TABLE `sucursales`
  MODIFY `id_suscursal` int(11) NOT NULL AUTO_INCREMENT;

--
-- AUTO_INCREMENT de la tabla `users`
--
ALTER TABLE `users`
<<<<<<< HEAD
  MODIFY `id` int(10) UNSIGNED NOT NULL AUTO_INCREMENT, AUTO_INCREMENT=4;
=======
  MODIFY `id` int(10) UNSIGNED NOT NULL AUTO_INCREMENT, AUTO_INCREMENT=6;
>>>>>>> ronaldo

--
-- AUTO_INCREMENT de la tabla `usuario`
--
ALTER TABLE `usuario`
<<<<<<< HEAD
  MODIFY `id_usuario` int(11) NOT NULL AUTO_INCREMENT;
=======
  MODIFY `id_usuario` int(11) NOT NULL AUTO_INCREMENT, AUTO_INCREMENT=3;
>>>>>>> ronaldo

--
-- AUTO_INCREMENT de la tabla `usuarios_roles`
--
ALTER TABLE `usuarios_roles`
<<<<<<< HEAD
  MODIFY `id_usuario_roles` int(11) NOT NULL AUTO_INCREMENT;
=======
  MODIFY `id_usuario_roles` int(11) NOT NULL AUTO_INCREMENT, AUTO_INCREMENT=13;
>>>>>>> ronaldo

--
-- AUTO_INCREMENT de la tabla `zona`
--
ALTER TABLE `zona`
  MODIFY `id_zona` int(11) NOT NULL AUTO_INCREMENT;

--
-- Restricciones para tablas volcadas
--

--
-- Filtros para la tabla `asigancion_permiso`
--
ALTER TABLE `asigancion_permiso`
  ADD CONSTRAINT `asigancion_permiso_ibfk_1` FOREIGN KEY (`id_permiso`) REFERENCES `permisos` (`id_permiso`),
  ADD CONSTRAINT `asigancion_permiso_ibfk_2` FOREIGN KEY (`id_roles`) REFERENCES `roles` (`id_roles`);

--
-- Filtros para la tabla `cordinadores_permiso`
--
ALTER TABLE `cordinadores_permiso`
  ADD CONSTRAINT `cordinadores_permiso_ibfk_1` FOREIGN KEY (`id_cordinadores`) REFERENCES `coordinadores` (`id_cordinador`),
  ADD CONSTRAINT `cordinadores_permiso_ibfk_2` FOREIGN KEY (`id_permisos`) REFERENCES `permisos` (`id_permiso`);

--
-- Filtros para la tabla `posts`
--
ALTER TABLE `posts`
  ADD CONSTRAINT `posts_user_id_foreign` FOREIGN KEY (`user_id`) REFERENCES `users` (`id`) ON DELETE CASCADE;

--
-- Filtros para la tabla `region`
--
ALTER TABLE `region`
  ADD CONSTRAINT `region_ibfk_1` FOREIGN KEY (`id_cordinador`) REFERENCES `coordinadores` (`id_cordinador`);

--
-- Filtros para la tabla `sucursales`
--
ALTER TABLE `sucursales`
  ADD CONSTRAINT `sucursales_ibfk_1` FOREIGN KEY (`id_zona`) REFERENCES `zona` (`id_zona`);

--
-- Filtros para la tabla `usuarios_roles`
--
ALTER TABLE `usuarios_roles`
  ADD CONSTRAINT `usuarios_roles_ibfk_1` FOREIGN KEY (`id_usuario`) REFERENCES `usuario` (`id_usuario`),
  ADD CONSTRAINT `usuarios_roles_ibfk_2` FOREIGN KEY (`id_rol`) REFERENCES `roles` (`id_roles`);

--
-- Filtros para la tabla `zona`
--
ALTER TABLE `zona`
  ADD CONSTRAINT `zona_ibfk_1` FOREIGN KEY (`id_usuario_roles`) REFERENCES `usuarios_roles` (`id_usuario_roles`),
  ADD CONSTRAINT `zona_ibfk_2` FOREIGN KEY (`id_region`) REFERENCES `region` (`id_region`);
COMMIT;

/*!40101 SET CHARACTER_SET_CLIENT=@OLD_CHARACTER_SET_CLIENT */;
/*!40101 SET CHARACTER_SET_RESULTS=@OLD_CHARACTER_SET_RESULTS */;
/*!40101 SET COLLATION_CONNECTION=@OLD_COLLATION_CONNECTION */;
